file,line,type,commit,author,date,time,timezone,datetime,depth,length
style.css,1,css,75f30b6e,Anh Pham,2026-04-10,18:06:48,-07:00,2026-04-10T18:06:48-07:00,0,5
style.css,2,css,75f30b6e,Anh Pham,2026-04-10,18:06:48,-07:00,2026-04-10T18:06:48-07:00,1,33
style.css,3,css,dec74195,Anh Pham,2026-04-17,01:07:44,-07:00,2026-04-17T01:07:44-07:00,1,39
style.css,4,css,75f30b6e,Anh Pham,2026-04-10,18:06:48,-07:00,2026-04-10T18:06:48-07:00,0,0
style.css,5,css,75f30b6e,Anh Pham,2026-04-10,18:06:48,-07:00,2026-04-10T18:06:48-07:00,0,0
style.css,6,css,75f30b6e,Anh Pham,2026-04-10,18:06:48,-07:00,2026-04-10T18:06:48-07:00,0,4
style.css,7,css,75f30b6e,Anh Pham,2026-04-10,18:06:48,-07:00,2026-04-10T18:06:48-07:00,1,32
style.css,8,css,dec74195,Anh Pham,2026-04-17,01:07:44,-07:00,2026-04-17T01:07:44-07:00,1,23
style.css,9,css,75f30b6e,Anh Pham,2026-04-10,18:06:48,-07:00,2026-04-10T18:06:48-07:00,0,0
style.css,10,css,75f30b6e,Anh Pham,2026-04-10,18:06:48,-07:00,2026-04-10T18:06:48-07:00,0,0
style.css,11,css,fd0e4fe4,Anh Pham,2026-04-04,22:47:36,-07:00,2026-04-04T22:47:36-07:00,0,4
style.css,12,css,75f30b6e,Anh Pham,2026-04-10,18:06:48,-07:00,2026-04-10T18:06:48-07:00,1,23
style.css,13,css,75f30b6e,Anh Pham,2026-04-10,18:06:48,-07:00,2026-04-10T18:06:48-07:00,1,15
style.css,14,css,75f30b6e,Anh Pham,2026-04-10,18:06:48,-07:00,2026-04-10T18:06:48-07:00,1,13
style.css,15,css,75f30b6e,Anh Pham,2026-04-10,18:06:48,-07:00,2026-04-10T18:06:48-07:00,1,11
style.css,16,css,75f30b6e,Anh Pham,2026-04-10,18:06:48,-07:00,2026-04-10T18:06:48-07:00,0,0
style.css,17,css,75f30b6e,Anh Pham,2026-04-10,18:06:48,-07:00,2026-04-10T18:06:48-07:00,0,0
style.css,18,css,75f30b6e,Anh Pham,2026-04-10,18:06:48,-07:00,2026-04-10T18:06:48-07:00,0,12
style.css,19,css,75f30b6e,Anh Pham,2026-04-10,18:06:48,-07:00,2026-04-10T18:06:48-07:00,0,2
style.css,20,css,75f30b6e,Anh Pham,2026-04-10,18:06:48,-07:00,2026-04-10T18:06:48-07:00,1,14
style.css,21,css,75f30b6e,Anh Pham,2026-04-10,18:06:48,-07:00,2026-04-10T18:06:48-07:00,0,0
style.css,22,css,75f30b6e,Anh Pham,2026-04-10,18:06:48,-07:00,2026-04-10T18:06:48-07:00,0,0
style.css,23,css,75f30b6e,Anh Pham,2026-04-10,18:06:48,-07:00,2026-04-10T18:06:48-07:00,0,22
style.css,24,css,75f30b6e,Anh Pham,2026-04-10,18:06:48,-07:00,2026-04-10T18:06:48-07:00,1,15
style.css,25,css,75f30b6e,Anh Pham,2026-04-10,18:06:48,-07:00,2026-04-10T18:06:48-07:00,1,17
style.css,26,css,75f30b6e,Anh Pham,2026-04-10,18:06:48,-07:00,2026-04-10T18:06:48-07:00,0,0
style.css,27,css,75f30b6e,Anh Pham,2026-04-10,18:06:48,-07:00,2026-04-10T18:06:48-07:00,0,0
style.css,28,css,75f30b6e,Anh Pham,2026-04-10,18:06:48,-07:00,2026-04-10T18:06:48-07:00,0,9
style.css,29,css,75f30b6e,Anh Pham,2026-04-10,18:06:48,-07:00,2026-04-10T18:06:48-07:00,0,1
style.css,30,css,75f30b6e,Anh Pham,2026-04-10,18:06:48,-07:00,2026-04-10T18:06:48-07:00,1,25
style.css,31,css,75f30b6e,Anh Pham,2026-04-10,18:06:48,-07:00,2026-04-10T18:06:48-07:00,1,20
style.css,32,css,75f30b6e,Anh Pham,2026-04-10,18:06:48,-07:00,2026-04-10T18:06:48-07:00,1,37
style.css,33,css,75f30b6e,Anh Pham,2026-04-10,18:06:48,-07:00,2026-04-10T18:06:48-07:00,0,0
style.css,34,css,75f30b6e,Anh Pham,2026-04-10,18:06:48,-07:00,2026-04-10T18:06:48-07:00,0,0
style.css,35,css,75f30b6e,Anh Pham,2026-04-10,18:06:48,-07:00,2026-04-10T18:06:48-07:00,0,16
style.css,36,css,75f30b6e,Anh Pham,2026-04-10,18:06:48,-07:00,2026-04-10T18:06:48-07:00,0,7
style.css,37,css,75f30b6e,Anh Pham,2026-04-10,18:06:48,-07:00,2026-04-10T18:06:48-07:00,1,39
style.css,38,css,75f30b6e,Anh Pham,2026-04-10,18:06:48,-07:00,2026-04-10T18:06:48-07:00,0,0
style.css,39,css,75f30b6e,Anh Pham,2026-04-10,18:06:48,-07:00,2026-04-10T18:06:48-07:00,0,0
style.css,40,css,75f30b6e,Anh Pham,2026-04-10,18:06:48,-07:00,2026-04-10T18:06:48-07:00,0,11
style.css,41,css,75f30b6e,Anh Pham,2026-04-10,18:06:48,-07:00,2026-04-10T18:06:48-07:00,0,3
style.css,42,css,75f30b6e,Anh Pham,2026-04-10,18:06:48,-07:00,2026-04-10T18:06:48-07:00,1,14
style.css,43,css,75f30b6e,Anh Pham,2026-04-10,18:06:48,-07:00,2026-04-10T18:06:48-07:00,1,11
style.css,44,css,75f30b6e,Anh Pham,2026-04-10,18:06:48,-07:00,2026-04-10T18:06:48-07:00,0,0
style.css,45,css,75f30b6e,Anh Pham,2026-04-10,18:06:48,-07:00,2026-04-10T18:06:48-07:00,0,0
style.css,46,css,75f30b6e,Anh Pham,2026-04-10,18:06:48,-07:00,2026-04-10T18:06:48-07:00,0,7
style.css,47,css,75f30b6e,Anh Pham,2026-04-10,18:06:48,-07:00,2026-04-10T18:06:48-07:00,0,3
style.css,48,css,75f30b6e,Anh Pham,2026-04-10,18:06:48,-07:00,2026-04-10T18:06:48-07:00,1,12
style.css,49,css,75f30b6e,Anh Pham,2026-04-10,18:06:48,-07:00,2026-04-10T18:06:48-07:00,1,14
style.css,50,css,dec74195,Anh Pham,2026-04-17,01:07:44,-07:00,2026-04-17T01:07:44-07:00,1,9
style.css,51,css,75f30b6e,Anh Pham,2026-04-10,18:06:48,-07:00,2026-04-10T18:06:48-07:00,1,17
style.css,52,css,dec74195,Anh Pham,2026-04-17,01:07:44,-07:00,2026-04-17T01:07:44-07:00,1,18
style.css,53,css,dec74195,Anh Pham,2026-04-17,01:07:44,-07:00,2026-04-17T01:07:44-07:00,1,43
style.css,54,css,75f30b6e,Anh Pham,2026-04-10,18:06:48,-07:00,2026-04-10T18:06:48-07:00,0,0
style.css,55,css,75f30b6e,Anh Pham,2026-04-10,18:06:48,-07:00,2026-04-10T18:06:48-07:00,0,0
style.css,56,css,75f30b6e,Anh Pham,2026-04-10,18:06:48,-07:00,2026-04-10T18:06:48-07:00,0,9
style.css,57,css,75f30b6e,Anh Pham,2026-04-10,18:06:48,-07:00,2026-04-10T18:06:48-07:00,0,5
style.css,58,css,75f30b6e,Anh Pham,2026-04-10,18:06:48,-07:00,2026-04-10T18:06:48-07:00,1,6
style.css,59,css,75f30b6e,Anh Pham,2026-04-10,18:06:48,-07:00,2026-04-10T18:06:48-07:00,1,17
style.css,60,css,75f30b6e,Anh Pham,2026-04-10,18:06:48,-07:00,2026-04-10T18:06:48-07:00,1,20
style.css,61,css,75f30b6e,Anh Pham,2026-04-10,18:06:48,-07:00,2026-04-10T18:06:48-07:00,1,13
style.css,62,css,75f30b6e,Anh Pham,2026-04-10,18:06:48,-07:00,2026-04-10T18:06:48-07:00,0,0
style.css,63,css,75f30b6e,Anh Pham,2026-04-10,18:06:48,-07:00,2026-04-10T18:06:48-07:00,1,13
style.css,64,css,75f30b6e,Anh Pham,2026-04-10,18:06:48,-07:00,2026-04-10T18:06:48-07:00,1,19
style.css,65,css,75f30b6e,Anh Pham,2026-04-10,18:06:48,-07:00,2026-04-10T18:06:48-07:00,1,37
style.css,66,css,75f30b6e,Anh Pham,2026-04-10,18:06:48,-07:00,2026-04-10T18:06:48-07:00,0,0
style.css,67,css,75f30b6e,Anh Pham,2026-04-10,18:06:48,-07:00,2026-04-10T18:06:48-07:00,0,0
style.css,68,css,75f30b6e,Anh Pham,2026-04-10,18:06:48,-07:00,2026-04-10T18:06:48-07:00,0,9
style.css,69,css,75f30b6e,Anh Pham,2026-04-10,18:06:48,-07:00,2026-04-10T18:06:48-07:00,0,11
style.css,70,css,75f30b6e,Anh Pham,2026-04-10,18:06:48,-07:00,2026-04-10T18:06:48-07:00,1,39
style.css,71,css,dec74195,Anh Pham,2026-04-17,01:07:44,-07:00,2026-04-17T01:07:44-07:00,1,63
style.css,72,css,75f30b6e,Anh Pham,2026-04-10,18:06:48,-07:00,2026-04-10T18:06:48-07:00,0,0
style.css,73,css,75f30b6e,Anh Pham,2026-04-10,18:06:48,-07:00,2026-04-10T18:06:48-07:00,0,0
style.css,74,css,75f30b6e,Anh Pham,2026-04-10,18:06:48,-07:00,2026-04-10T18:06:48-07:00,0,13
style.css,75,css,75f30b6e,Anh Pham,2026-04-10,18:06:48,-07:00,2026-04-10T18:06:48-07:00,1,16
style.css,76,css,75f30b6e,Anh Pham,2026-04-10,18:06:48,-07:00,2026-04-10T18:06:48-07:00,1,54
style.css,77,css,75f30b6e,Anh Pham,2026-04-10,18:06:48,-07:00,2026-04-10T18:06:48-07:00,1,20
style.css,78,css,75f30b6e,Anh Pham,2026-04-10,18:06:48,-07:00,2026-04-10T18:06:48-07:00,0,0
style.css,79,css,75f30b6e,Anh Pham,2026-04-10,18:06:48,-07:00,2026-04-10T18:06:48-07:00,0,0
style.css,80,css,75f30b6e,Anh Pham,2026-04-10,18:06:48,-07:00,2026-04-10T18:06:48-07:00,0,8
style.css,81,css,75f30b6e,Anh Pham,2026-04-10,18:06:48,-07:00,2026-04-10T18:06:48-07:00,0,4
style.css,82,css,75f30b6e,Anh Pham,2026-04-10,18:06:48,-07:00,2026-04-10T18:06:48-07:00,1,12
style.css,83,css,75f30b6e,Anh Pham,2026-04-10,18:06:48,-07:00,2026-04-10T18:06:48-07:00,1,30
style.css,84,css,75f30b6e,Anh Pham,2026-04-10,18:06:48,-07:00,2026-04-10T18:06:48-07:00,1,7
style.css,85,css,75f30b6e,Anh Pham,2026-04-10,18:06:48,-07:00,2026-04-10T18:06:48-07:00,0,0
style.css,86,css,75f30b6e,Anh Pham,2026-04-10,18:06:48,-07:00,2026-04-10T18:06:48-07:00,0,0
style.css,87,css,dec74195,Anh Pham,2026-04-17,01:07:44,-07:00,2026-04-17T01:07:44-07:00,0,10
style.css,88,css,75f30b6e,Anh Pham,2026-04-10,18:06:48,-07:00,2026-04-10T18:06:48-07:00,1,12
style.css,89,css,75f30b6e,Anh Pham,2026-04-10,18:06:48,-07:00,2026-04-10T18:06:48-07:00,1,29
style.css,90,css,75f30b6e,Anh Pham,2026-04-10,18:06:48,-07:00,2026-04-10T18:06:48-07:00,1,18
style.css,91,css,75f30b6e,Anh Pham,2026-04-10,18:06:48,-07:00,2026-04-10T18:06:48-07:00,0,0
style.css,92,css,75f30b6e,Anh Pham,2026-04-10,18:06:48,-07:00,2026-04-10T18:06:48-07:00,0,0
style.css,93,css,dec74195,Anh Pham,2026-04-17,01:07:44,-07:00,2026-04-17T01:07:44-07:00,0,13
style.css,94,css,dec74195,Anh Pham,2026-04-17,01:07:44,-07:00,2026-04-17T01:07:44-07:00,1,17
style.css,95,css,dec74195,Anh Pham,2026-04-17,01:07:44,-07:00,2026-04-17T01:07:44-07:00,1,8
style.css,96,css,dec74195,Anh Pham,2026-04-17,01:07:44,-07:00,2026-04-17T01:07:44-07:00,1,10
style.css,97,css,dec74195,Anh Pham,2026-04-17,01:07:44,-07:00,2026-04-17T01:07:44-07:00,1,13
style.css,98,css,dec74195,Anh Pham,2026-04-17,01:07:44,-07:00,2026-04-17T01:07:44-07:00,0,0
style.css,99,css,dec74195,Anh Pham,2026-04-17,01:07:44,-07:00,2026-04-17T01:07:44-07:00,0,0
style.css,100,css,dec74195,Anh Pham,2026-04-17,01:07:44,-07:00,2026-04-17T01:07:44-07:00,0,0
style.css,101,css,75f30b6e,Anh Pham,2026-04-10,18:06:48,-07:00,2026-04-10T18:06:48-07:00,0,4
style.css,102,css,dec74195,Anh Pham,2026-04-17,01:07:44,-07:00,2026-04-17T01:07:44-07:00,0,8
style.css,103,css,75f30b6e,Anh Pham,2026-04-10,18:06:48,-07:00,2026-04-10T18:06:48-07:00,1,39
style.css,104,css,75f30b6e,Anh Pham,2026-04-10,18:06:48,-07:00,2026-04-10T18:06:48-07:00,1,53
style.css,105,css,75f30b6e,Anh Pham,2026-04-10,18:06:48,-07:00,2026-04-10T18:06:48-07:00,1,13
style.css,106,css,dec74195,Anh Pham,2026-04-17,01:07:44,-07:00,2026-04-17T01:07:44-07:00,0,0
style.css,107,css,dec74195,Anh Pham,2026-04-17,01:07:44,-07:00,2026-04-17T01:07:44-07:00,0,0
style.css,108,css,dec74195,Anh Pham,2026-04-17,01:07:44,-07:00,2026-04-17T01:07:44-07:00,0,4
style.css,109,css,dec74195,Anh Pham,2026-04-17,01:07:44,-07:00,2026-04-17T01:07:44-07:00,0,7
style.css,110,css,dec74195,Anh Pham,2026-04-17,01:07:44,-07:00,2026-04-17T01:07:44-07:00,0,5
style.css,111,css,dec74195,Anh Pham,2026-04-17,01:07:44,-07:00,2026-04-17T01:07:44-07:00,0,6
style.css,112,css,75f30b6e,Anh Pham,2026-04-10,18:06:48,-07:00,2026-04-10T18:06:48-07:00,1,12
style.css,113,css,75f30b6e,Anh Pham,2026-04-10,18:06:48,-07:00,2026-04-10T18:06:48-07:00,0,0
style.css,114,css,75f30b6e,Anh Pham,2026-04-10,18:06:48,-07:00,2026-04-10T18:06:48-07:00,0,0
style.css,115,css,75f30b6e,Anh Pham,2026-04-10,18:06:48,-07:00,2026-04-10T18:06:48-07:00,0,6
style.css,116,css,75f30b6e,Anh Pham,2026-04-10,18:06:48,-07:00,2026-04-10T18:06:48-07:00,1,18
style.css,117,css,75f30b6e,Anh Pham,2026-04-10,18:06:48,-07:00,2026-04-10T18:06:48-07:00,1,14
style.css,118,css,75f30b6e,Anh Pham,2026-04-10,18:06:48,-07:00,2026-04-10T18:06:48-07:00,0,0
style.css,119,css,75f30b6e,Anh Pham,2026-04-10,18:06:48,-07:00,2026-04-10T18:06:48-07:00,0,12
style.css,120,css,2879683a,Anh Pham,2026-04-30,16:45:11,-07:00,2026-04-30T16:45:11-07:00,0,16
style.css,121,css,2879683a,Anh Pham,2026-04-30,16:45:11,-07:00,2026-04-30T16:45:11-07:00,1,12
style.css,122,css,2879683a,Anh Pham,2026-04-30,16:45:11,-07:00,2026-04-30T16:45:11-07:00,1,18
style.css,123,css,2879683a,Anh Pham,2026-04-30,16:45:11,-07:00,2026-04-30T16:45:11-07:00,1,7
style.css,124,css,2879683a,Anh Pham,2026-04-30,16:45:11,-07:00,2026-04-30T16:45:11-07:00,1,16
style.css,125,css,2879683a,Anh Pham,2026-04-30,16:45:11,-07:00,2026-04-30T16:45:11-07:00,1,14
style.css,126,css,2879683a,Anh Pham,2026-04-30,16:45:11,-07:00,2026-04-30T16:45:11-07:00,0,0
style.css,127,css,2879683a,Anh Pham,2026-04-30,16:45:11,-07:00,2026-04-30T16:45:11-07:00,0,0
style.css,128,css,2879683a,Anh Pham,2026-04-30,16:45:11,-07:00,2026-04-30T16:45:11-07:00,0,18
style.css,129,css,2879683a,Anh Pham,2026-04-30,16:45:11,-07:00,2026-04-30T16:45:11-07:00,1,13
style.css,130,css,2879683a,Anh Pham,2026-04-30,16:45:11,-07:00,2026-04-30T16:45:11-07:00,1,21
style.css,131,css,2879683a,Anh Pham,2026-04-30,16:45:11,-07:00,2026-04-30T16:45:11-07:00,1,14
style.css,132,css,2879683a,Anh Pham,2026-04-30,16:45:11,-07:00,2026-04-30T16:45:11-07:00,1,14
style.css,133,css,2879683a,Anh Pham,2026-04-30,16:45:11,-07:00,2026-04-30T16:45:11-07:00,1,13
style.css,134,css,2879683a,Anh Pham,2026-04-30,16:45:11,-07:00,2026-04-30T16:45:11-07:00,0,0
style.css,135,css,2879683a,Anh Pham,2026-04-30,16:45:11,-07:00,2026-04-30T16:45:11-07:00,1,16
style.css,136,css,2879683a,Anh Pham,2026-04-30,16:45:11,-07:00,2026-04-30T16:45:11-07:00,0,0
style.css,137,css,2879683a,Anh Pham,2026-04-30,16:45:11,-07:00,2026-04-30T16:45:11-07:00,0,0
style.css,138,css,2879683a,Anh Pham,2026-04-30,16:45:11,-07:00,2026-04-30T16:45:11-07:00,0,23
style.css,139,css,2879683a,Anh Pham,2026-04-30,16:45:11,-07:00,2026-04-30T16:45:11-07:00,1,16
style.css,140,css,2879683a,Anh Pham,2026-04-30,16:45:11,-07:00,2026-04-30T16:45:11-07:00,1,14
style.css,141,css,2879683a,Anh Pham,2026-04-30,16:45:11,-07:00,2026-04-30T16:45:11-07:00,0,0
style.css,142,css,2879683a,Anh Pham,2026-04-30,16:45:11,-07:00,2026-04-30T16:45:11-07:00,0,0
style.css,143,css,2879683a,Anh Pham,2026-04-30,16:45:11,-07:00,2026-04-30T16:45:11-07:00,0,51
style.css,144,css,2879683a,Anh Pham,2026-04-30,16:45:11,-07:00,2026-04-30T16:45:11-07:00,1,11
style.css,145,css,2879683a,Anh Pham,2026-04-30,16:45:11,-07:00,2026-04-30T16:45:11-07:00,0,0
style.css,146,css,2879683a,Anh Pham,2026-04-30,16:45:11,-07:00,2026-04-30T16:45:11-07:00,0,0
style.css,147,css,2879683a,Anh Pham,2026-04-30,16:45:11,-07:00,2026-04-30T16:45:11-07:00,0,7
style.css,148,css,2879683a,Anh Pham,2026-04-30,16:45:11,-07:00,2026-04-30T16:45:11-07:00,1,12
style.css,149,css,2879683a,Anh Pham,2026-04-30,16:45:11,-07:00,2026-04-30T16:45:11-07:00,1,56
style.css,150,css,2879683a,Anh Pham,2026-04-30,16:45:11,-07:00,2026-04-30T16:45:11-07:00,1,7
style.css,151,css,2879683a,Anh Pham,2026-04-30,16:45:11,-07:00,2026-04-30T16:45:11-07:00,1,13
style.css,152,css,2879683a,Anh Pham,2026-04-30,16:45:11,-07:00,2026-04-30T16:45:11-07:00,1,11
style.css,153,css,2879683a,Anh Pham,2026-04-30,16:45:11,-07:00,2026-04-30T16:45:11-07:00,1,21
style.css,154,css,2879683a,Anh Pham,2026-04-30,16:45:11,-07:00,2026-04-30T16:45:11-07:00,1,11
style.css,155,css,2879683a,Anh Pham,2026-04-30,16:45:11,-07:00,2026-04-30T16:45:11-07:00,1,8
style.css,156,css,2879683a,Anh Pham,2026-04-30,16:45:11,-07:00,2026-04-30T16:45:11-07:00,1,36
style.css,157,css,2879683a,Anh Pham,2026-04-30,16:45:11,-07:00,2026-04-30T16:45:11-07:00,1,15
style.css,158,css,2879683a,Anh Pham,2026-04-30,16:45:11,-07:00,2026-04-30T16:45:11-07:00,0,0
style.css,159,css,2879683a,Anh Pham,2026-04-30,16:45:11,-07:00,2026-04-30T16:45:11-07:00,0,0
style.css,160,css,2879683a,Anh Pham,2026-04-30,16:45:11,-07:00,2026-04-30T16:45:11-07:00,0,12
style.css,161,css,2879683a,Anh Pham,2026-04-30,16:45:11,-07:00,2026-04-30T16:45:11-07:00,1,12
style.css,162,css,2879683a,Anh Pham,2026-04-30,16:45:11,-07:00,2026-04-30T16:45:11-07:00,1,18
style.css,163,css,2879683a,Anh Pham,2026-04-30,16:45:11,-07:00,2026-04-30T16:45:11-07:00,1,9
style.css,164,css,2879683a,Anh Pham,2026-04-30,16:45:11,-07:00,2026-04-30T16:45:11-07:00,1,14
style.css,165,css,2879683a,Anh Pham,2026-04-30,16:45:11,-07:00,2026-04-30T16:45:11-07:00,0,0
style.css,166,css,2879683a,Anh Pham,2026-04-30,16:45:11,-07:00,2026-04-30T16:45:11-07:00,0,0
style.css,167,css,2879683a,Anh Pham,2026-04-30,16:45:11,-07:00,2026-04-30T16:45:11-07:00,0,9
style.css,168,css,2879683a,Anh Pham,2026-04-30,16:45:11,-07:00,2026-04-30T16:45:11-07:00,1,35
style.css,169,css,2879683a,Anh Pham,2026-04-30,16:45:11,-07:00,2026-04-30T16:45:11-07:00,0,0
style.css,170,css,2879683a,Anh Pham,2026-04-30,16:45:11,-07:00,2026-04-30T16:45:11-07:00,0,0
style.css,171,css,2879683a,Anh Pham,2026-04-30,16:45:11,-07:00,2026-04-30T16:45:11-07:00,0,18
style.css,172,css,2879683a,Anh Pham,2026-04-30,16:45:11,-07:00,2026-04-30T16:45:11-07:00,1,17
style.css,173,css,2879683a,Anh Pham,2026-04-30,16:45:11,-07:00,2026-04-30T16:45:11-07:00,0,0
style.css,174,css,2879683a,Anh Pham,2026-04-30,16:45:11,-07:00,2026-04-30T16:45:11-07:00,0,0
style.css,175,css,2879683a,Anh Pham,2026-04-30,16:45:11,-07:00,2026-04-30T16:45:11-07:00,0,7
style.css,176,css,2879683a,Anh Pham,2026-04-30,16:45:11,-07:00,2026-04-30T16:45:11-07:00,1,20
style.css,177,css,2879683a,Anh Pham,2026-04-30,16:45:11,-07:00,2026-04-30T16:45:11-07:00,1,11
style.css,178,css,2879683a,Anh Pham,2026-04-30,16:45:11,-07:00,2026-04-30T16:45:11-07:00,1,13
style.css,179,css,2879683a,Anh Pham,2026-04-30,16:45:11,-07:00,2026-04-30T16:45:11-07:00,1,18
style.css,180,css,2879683a,Anh Pham,2026-04-30,16:45:11,-07:00,2026-04-30T16:45:11-07:00,1,17
style.css,181,css,2879683a,Anh Pham,2026-04-30,16:45:11,-07:00,2026-04-30T16:45:11-07:00,1,23
style.css,182,css,2879683a,Anh Pham,2026-04-30,16:45:11,-07:00,2026-04-30T16:45:11-07:00,0,0
style.css,183,css,2879683a,Anh Pham,2026-04-30,16:45:11,-07:00,2026-04-30T16:45:11-07:00,0,0
style.css,184,css,2879683a,Anh Pham,2026-04-30,16:45:11,-07:00,2026-04-30T16:45:11-07:00,0,10
style.css,185,css,2879683a,Anh Pham,2026-04-30,16:45:11,-07:00,2026-04-30T16:45:11-07:00,1,21
style.css,186,css,2879683a,Anh Pham,2026-04-30,16:45:11,-07:00,2026-04-30T16:45:11-07:00,1,10
style.css,187,css,2879683a,Anh Pham,2026-04-30,16:45:11,-07:00,2026-04-30T16:45:11-07:00,1,20
style.css,188,css,2879683a,Anh Pham,2026-04-30,16:45:11,-07:00,2026-04-30T16:45:11-07:00,0,0
style.css,189,css,2879683a,Anh Pham,2026-04-30,16:45:11,-07:00,2026-04-30T16:45:11-07:00,0,0
style.css,190,css,75f30b6e,Anh Pham,2026-04-10,18:06:48,-07:00,2026-04-10T18:06:48-07:00,0,9
style.css,191,css,75f30b6e,Anh Pham,2026-04-10,18:06:48,-07:00,2026-04-10T18:06:48-07:00,1,12
style.css,192,css,75f30b6e,Anh Pham,2026-04-10,18:06:48,-07:00,2026-04-10T18:06:48-07:00,1,58
style.css,193,css,75f30b6e,Anh Pham,2026-04-10,18:06:48,-07:00,2026-04-10T18:06:48-07:00,1,7
style.css,194,css,75f30b6e,Anh Pham,2026-04-10,18:06:48,-07:00,2026-04-10T18:06:48-07:00,0,0
style.css,195,css,75f30b6e,Anh Pham,2026-04-10,18:06:48,-07:00,2026-04-10T18:06:48-07:00,1,32
style.css,196,css,75f30b6e,Anh Pham,2026-04-10,18:06:48,-07:00,2026-04-10T18:06:48-07:00,0,0
style.css,197,css,75f30b6e,Anh Pham,2026-04-10,18:06:48,-07:00,2026-04-10T18:06:48-07:00,0,0
style.css,198,css,75f30b6e,Anh Pham,2026-04-10,18:06:48,-07:00,2026-04-10T18:06:48-07:00,0,17
style.css,199,css,75f30b6e,Anh Pham,2026-04-10,18:06:48,-07:00,2026-04-10T18:06:48-07:00,1,12
style.css,200,css,75f30b6e,Anh Pham,2026-04-10,18:06:48,-07:00,2026-04-10T18:06:48-07:00,1,43
style.css,201,css,75f30b6e,Anh Pham,2026-04-10,18:06:48,-07:00,2026-04-10T18:06:48-07:00,1,57
style.css,202,css,75f30b6e,Anh Pham,2026-04-10,18:06:48,-07:00,2026-04-10T18:06:48-07:00,0,0
style.css,203,css,75f30b6e,Anh Pham,2026-04-10,18:06:48,-07:00,2026-04-10T18:06:48-07:00,1,54
style.css,204,css,75f30b6e,Anh Pham,2026-04-10,18:06:48,-07:00,2026-04-10T18:06:48-07:00,0,0
style.css,205,css,75f30b6e,Anh Pham,2026-04-10,18:06:48,-07:00,2026-04-10T18:06:48-07:00,0,0
style.css,206,css,2879683a,Anh Pham,2026-04-30,16:45:11,-07:00,2026-04-30T16:45:11-07:00,0,11
style.css,207,css,2879683a,Anh Pham,2026-04-30,16:45:11,-07:00,2026-04-30T16:45:11-07:00,0,12
style.css,208,css,75f30b6e,Anh Pham,2026-04-10,18:06:48,-07:00,2026-04-10T18:06:48-07:00,1,8
style.css,209,css,75f30b6e,Anh Pham,2026-04-10,18:06:48,-07:00,2026-04-10T18:06:48-07:00,0,0
style.css,210,css,75f30b6e,Anh Pham,2026-04-10,18:06:48,-07:00,2026-04-10T18:06:48-07:00,0,0
style.css,211,css,2879683a,Anh Pham,2026-04-30,16:45:11,-07:00,2026-04-30T16:45:11-07:00,0,13
style.css,212,css,2879683a,Anh Pham,2026-04-30,16:45:11,-07:00,2026-04-30T16:45:11-07:00,1,13
style.css,213,css,2879683a,Anh Pham,2026-04-30,16:45:11,-07:00,2026-04-30T16:45:11-07:00,1,30
style.css,214,css,2879683a,Anh Pham,2026-04-30,16:45:11,-07:00,2026-04-30T16:45:11-07:00,1,34
style.css,215,css,2879683a,Anh Pham,2026-04-30,16:45:11,-07:00,2026-04-30T16:45:11-07:00,1,17
style.css,216,css,2879683a,Anh Pham,2026-04-30,16:45:11,-07:00,2026-04-30T16:45:11-07:00,0,0
style.css,217,css,2879683a,Anh Pham,2026-04-30,16:45:11,-07:00,2026-04-30T16:45:11-07:00,0,0
style.css,218,css,4e67f387,Anh Pham,2026-04-24,22:55:41,-07:00,2026-04-24T22:55:41-07:00,0,17
style.css,219,css,4e67f387,Anh Pham,2026-04-24,22:55:41,-07:00,2026-04-24T22:55:41-07:00,1,12
style.css,220,css,4e67f387,Anh Pham,2026-04-24,22:55:41,-07:00,2026-04-24T22:55:41-07:00,1,36
style.css,221,css,4e67f387,Anh Pham,2026-04-24,22:55:41,-07:00,2026-04-24T22:55:41-07:00,1,7
style.css,222,css,4e67f387,Anh Pham,2026-04-24,22:55:41,-07:00,2026-04-24T22:55:41-07:00,0,0
style.css,223,css,4e67f387,Anh Pham,2026-04-24,22:55:41,-07:00,2026-04-24T22:55:41-07:00,0,0
style.css,224,css,4e67f387,Anh Pham,2026-04-24,22:55:41,-07:00,2026-04-24T22:55:41-07:00,0,17
style.css,225,css,4e67f387,Anh Pham,2026-04-24,22:55:41,-07:00,2026-04-24T22:55:41-07:00,1,10
style.css,226,css,4e67f387,Anh Pham,2026-04-24,22:55:41,-07:00,2026-04-24T22:55:41-07:00,1,13
style.css,227,css,4e67f387,Anh Pham,2026-04-24,22:55:41,-07:00,2026-04-24T22:55:41-07:00,1,14
style.css,228,css,4e67f387,Anh Pham,2026-04-24,22:55:41,-07:00,2026-04-24T22:55:41-07:00,1,15
style.css,229,css,4e67f387,Anh Pham,2026-04-24,22:55:41,-07:00,2026-04-24T22:55:41-07:00,1,24
style.css,230,css,4e67f387,Anh Pham,2026-04-24,22:55:41,-07:00,2026-04-24T22:55:41-07:00,0,0
style.css,231,css,4e67f387,Anh Pham,2026-04-24,22:55:41,-07:00,2026-04-24T22:55:41-07:00,0,0
style.css,232,css,4e67f387,Anh Pham,2026-04-24,22:55:41,-07:00,2026-04-24T22:55:41-07:00,0,17
style.css,233,css,4e67f387,Anh Pham,2026-04-24,22:55:41,-07:00,2026-04-24T22:55:41-07:00,1,10
style.css,234,css,4e67f387,Anh Pham,2026-04-24,22:55:41,-07:00,2026-04-24T22:55:41-07:00,1,8
style.css,235,css,4e67f387,Anh Pham,2026-04-24,22:55:41,-07:00,2026-04-24T22:55:41-07:00,1,14
style.css,236,css,4e67f387,Anh Pham,2026-04-24,22:55:41,-07:00,2026-04-24T22:55:41-07:00,1,13
style.css,237,css,4e67f387,Anh Pham,2026-04-24,22:55:41,-07:00,2026-04-24T22:55:41-07:00,0,0
style.css,238,css,4e67f387,Anh Pham,2026-04-24,22:55:41,-07:00,2026-04-24T22:55:41-07:00,0,0
style.css,239,css,75f30b6e,Anh Pham,2026-04-10,18:06:48,-07:00,2026-04-10T18:06:48-07:00,0,32
style.css,240,css,75f30b6e,Anh Pham,2026-04-10,18:06:48,-07:00,2026-04-10T18:06:48-07:00,0,0
style.css,241,css,75f30b6e,Anh Pham,2026-04-10,18:06:48,-07:00,2026-04-10T18:06:48-07:00,0,26
style.css,242,css,75f30b6e,Anh Pham,2026-04-10,18:06:48,-07:00,2026-04-10T18:06:48-07:00,0,7
style.css,243,css,75f30b6e,Anh Pham,2026-04-10,18:06:48,-07:00,2026-04-10T18:06:48-07:00,1,17
style.css,244,css,75f30b6e,Anh Pham,2026-04-10,18:06:48,-07:00,2026-04-10T18:06:48-07:00,0,0
style.css,245,css,75f30b6e,Anh Pham,2026-04-10,18:06:48,-07:00,2026-04-10T18:06:48-07:00,0,0
style.css,246,css,75f30b6e,Anh Pham,2026-04-10,18:06:48,-07:00,2026-04-10T18:06:48-07:00,0,39
style.css,247,css,75f30b6e,Anh Pham,2026-04-10,18:06:48,-07:00,2026-04-10T18:06:48-07:00,0,10
style.css,248,css,75f30b6e,Anh Pham,2026-04-10,18:06:48,-07:00,2026-04-10T18:06:48-07:00,1,19
style.css,249,css,dec74195,Anh Pham,2026-04-17,01:07:44,-07:00,2026-04-17T01:07:44-07:00,1,45
style.css,250,css,75f30b6e,Anh Pham,2026-04-10,18:06:48,-07:00,2026-04-10T18:06:48-07:00,0,0
style.css,251,css,75f30b6e,Anh Pham,2026-04-10,18:06:48,-07:00,2026-04-10T18:06:48-07:00,0,0
style.css,252,css,75f30b6e,Anh Pham,2026-04-10,18:06:48,-07:00,2026-04-10T18:06:48-07:00,0,27
style.css,253,css,75f30b6e,Anh Pham,2026-04-10,18:06:48,-07:00,2026-04-10T18:06:48-07:00,0,7
style.css,254,css,75f30b6e,Anh Pham,2026-04-10,18:06:48,-07:00,2026-04-10T18:06:48-07:00,1,19
style.css,255,css,75f30b6e,Anh Pham,2026-04-10,18:06:48,-07:00,2026-04-10T18:06:48-07:00,0,0
style.css,256,css,75f30b6e,Anh Pham,2026-04-10,18:06:48,-07:00,2026-04-10T18:06:48-07:00,0,0
style.css,257,css,75f30b6e,Anh Pham,2026-04-10,18:06:48,-07:00,2026-04-10T18:06:48-07:00,0,21
style.css,258,css,75f30b6e,Anh Pham,2026-04-10,18:06:48,-07:00,2026-04-10T18:06:48-07:00,0,9
style.css,259,css,75f30b6e,Anh Pham,2026-04-10,18:06:48,-07:00,2026-04-10T18:06:48-07:00,1,12
style.css,260,css,75f30b6e,Anh Pham,2026-04-10,18:06:48,-07:00,2026-04-10T18:06:48-07:00,1,29
style.css,261,css,75f30b6e,Anh Pham,2026-04-10,18:06:48,-07:00,2026-04-10T18:06:48-07:00,1,20
style.css,262,css,75f30b6e,Anh Pham,2026-04-10,18:06:48,-07:00,2026-04-10T18:06:48-07:00,0,0
style.css,263,css,75f30b6e,Anh Pham,2026-04-10,18:06:48,-07:00,2026-04-10T18:06:48-07:00,0,0
style.css,264,css,75f30b6e,Anh Pham,2026-04-10,18:06:48,-07:00,2026-04-10T18:06:48-07:00,0,14
style.css,265,css,75f30b6e,Anh Pham,2026-04-10,18:06:48,-07:00,2026-04-10T18:06:48-07:00,0,5
style.css,266,css,75f30b6e,Anh Pham,2026-04-10,18:06:48,-07:00,2026-04-10T18:06:48-07:00,1,18
style.css,267,css,dec74195,Anh Pham,2026-04-17,01:07:44,-07:00,2026-04-17T01:07:44-07:00,1,16
style.css,268,css,75f30b6e,Anh Pham,2026-04-10,18:06:48,-07:00,2026-04-10T18:06:48-07:00,0,0
style.css,269,css,75f30b6e,Anh Pham,2026-04-10,18:06:48,-07:00,2026-04-10T18:06:48-07:00,0,0
style.css,270,css,75f30b6e,Anh Pham,2026-04-10,18:06:48,-07:00,2026-04-10T18:06:48-07:00,0,17
style.css,271,css,75f30b6e,Anh Pham,2026-04-10,18:06:48,-07:00,2026-04-10T18:06:48-07:00,0,2
style.css,272,css,75f30b6e,Anh Pham,2026-04-10,18:06:48,-07:00,2026-04-10T18:06:48-07:00,1,20
style.css,273,css,75f30b6e,Anh Pham,2026-04-10,18:06:48,-07:00,2026-04-10T18:06:48-07:00,0,0
style.css,274,css,75f30b6e,Anh Pham,2026-04-10,18:06:48,-07:00,2026-04-10T18:06:48-07:00,0,0
style.css,275,css,75f30b6e,Anh Pham,2026-04-10,18:06:48,-07:00,2026-04-10T18:06:48-07:00,0,0
style.css,276,css,75f30b6e,Anh Pham,2026-04-10,18:06:48,-07:00,2026-04-10T18:06:48-07:00,0,17
style.css,277,css,75f30b6e,Anh Pham,2026-04-10,18:06:48,-07:00,2026-04-10T18:06:48-07:00,0,24
style.css,278,css,75f30b6e,Anh Pham,2026-04-10,18:06:48,-07:00,2026-04-10T18:06:48-07:00,1,4
style.css,279,css,75f30b6e,Anh Pham,2026-04-10,18:06:48,-07:00,2026-04-10T18:06:48-07:00,2,13
style.css,280,css,75f30b6e,Anh Pham,2026-04-10,18:06:48,-07:00,2026-04-10T18:06:48-07:00,1,0
style.css,281,css,75f30b6e,Anh Pham,2026-04-10,18:06:48,-07:00,2026-04-10T18:06:48-07:00,0,0
style.css,282,css,75f30b6e,Anh Pham,2026-04-10,18:06:48,-07:00,2026-04-10T18:06:48-07:00,1,3
style.css,283,css,75f30b6e,Anh Pham,2026-04-10,18:06:48,-07:00,2026-04-10T18:06:48-07:00,2,21
style.css,284,css,75f30b6e,Anh Pham,2026-04-10,18:06:48,-07:00,2026-04-10T18:06:48-07:00,2,19
style.css,285,css,75f30b6e,Anh Pham,2026-04-10,18:06:48,-07:00,2026-04-10T18:06:48-07:00,1,0
style.css,286,css,75f30b6e,Anh Pham,2026-04-10,18:06:48,-07:00,2026-04-10T18:06:48-07:00,0,0
style.css,287,css,75f30b6e,Anh Pham,2026-04-10,18:06:48,-07:00,2026-04-10T18:06:48-07:00,1,5
style.css,288,css,75f30b6e,Anh Pham,2026-04-10,18:06:48,-07:00,2026-04-10T18:06:48-07:00,2,15
style.css,289,css,75f30b6e,Anh Pham,2026-04-10,18:06:48,-07:00,2026-04-10T18:06:48-07:00,1,0
style.css,290,css,dec74195,Anh Pham,2026-04-17,01:07:44,-07:00,2026-04-17T01:07:44-07:00,0,0
index.js,1,js,4e67f387,Anh Pham,2026-04-24,22:55:41,-07:00,2026-04-24T22:55:41-07:00,0,71
index.js,2,js,4e67f387,Anh Pham,2026-04-24,22:55:41,-07:00,2026-04-24T22:55:41-07:00,0,0
index.js,3,js,4e67f387,Anh Pham,2026-04-24,22:55:41,-07:00,2026-04-24T22:55:41-07:00,0,60
index.js,4,js,4e67f387,Anh Pham,2026-04-24,22:55:41,-07:00,2026-04-24T22:55:41-07:00,0,42
index.js,5,js,4e67f387,Anh Pham,2026-04-24,22:55:41,-07:00,2026-04-24T22:55:41-07:00,0,60
index.js,6,js,4e67f387,Anh Pham,2026-04-24,22:55:41,-07:00,2026-04-24T22:55:41-07:00,0,0
index.js,7,js,4e67f387,Anh Pham,2026-04-24,22:55:41,-07:00,2026-04-24T22:55:41-07:00,0,54
index.js,8,js,4e67f387,Anh Pham,2026-04-24,22:55:41,-07:00,2026-04-24T22:55:41-07:00,0,0
index.js,9,js,4e67f387,Anh Pham,2026-04-24,22:55:41,-07:00,2026-04-24T22:55:41-07:00,0,54
index.js,10,js,4e67f387,Anh Pham,2026-04-24,22:55:41,-07:00,2026-04-24T22:55:41-07:00,0,60
index.js,11,js,4e67f387,Anh Pham,2026-04-24,22:55:41,-07:00,2026-04-24T22:55:41-07:00,0,0
index.js,12,js,4e67f387,Anh Pham,2026-04-24,22:55:41,-07:00,2026-04-24T22:55:41-07:00,0,17
index.js,13,js,4e67f387,Anh Pham,2026-04-24,22:55:41,-07:00,2026-04-24T22:55:41-07:00,1,24
index.js,14,js,4e67f387,Anh Pham,2026-04-24,22:55:41,-07:00,2026-04-24T22:55:41-07:00,4,2
index.js,15,js,4e67f387,Anh Pham,2026-04-24,22:55:41,-07:00,2026-04-24T22:55:41-07:00,5,48
index.js,16,js,4e67f387,Anh Pham,2026-04-24,22:55:41,-07:00,2026-04-24T22:55:41-07:00,5,48
index.js,17,js,4e67f387,Anh Pham,2026-04-24,22:55:41,-07:00,2026-04-24T22:55:41-07:00,5,54
index.js,18,js,4e67f387,Anh Pham,2026-04-24,22:55:41,-07:00,2026-04-24T22:55:41-07:00,5,54
index.js,19,js,4e67f387,Anh Pham,2026-04-24,22:55:41,-07:00,2026-04-24T22:55:41-07:00,4,3
index.js,20,js,4e67f387,Anh Pham,2026-04-24,22:55:41,-07:00,2026-04-24T22:55:41-07:00,2,0
index.js,21,js,4e67f387,Anh Pham,2026-04-24,22:55:41,-07:00,2026-04-24T22:55:41-07:00,0,0
index.html,1,html,85e00e31,Anh Pham,2026-04-17,00:35:26,-07:00,2026-04-17T00:35:26-07:00,0,13
index.html,2,html,85e00e31,Anh Pham,2026-04-17,00:35:26,-07:00,2026-04-17T00:35:26-07:00,0,14
index.html,3,html,ba506ae8,Anh Pham,2026-04-04,23:14:39,-07:00,2026-04-04T23:14:39-07:00,0,4
index.html,4,html,e3fc019,Anh Pham,2026-04-04,22:02:06,-07:00,2026-04-04T22:02:06-07:00,2,20
index.html,5,html,e3fc019,Anh Pham,2026-04-04,22:02:06,-07:00,2026-04-04T22:02:06-07:00,2,68
index.html,6,html,e3fc019,Anh Pham,2026-04-04,22:02:06,-07:00,2026-04-04T22:02:06-07:00,2,50
index.html,7,html,ba506ae8,Anh Pham,2026-04-04,23:14:39,-07:00,2026-04-04T23:14:39-07:00,2,38
index.html,8,html,ca167291,Anh Pham,2026-04-17,00:01:22,-07:00,2026-04-17T00:01:22-07:00,2,45
index.html,9,html,4e67f387,Anh Pham,2026-04-24,22:55:41,-07:00,2026-04-24T22:55:41-07:00,2,50
index.html,10,html,ba506ae8,Anh Pham,2026-04-04,23:14:39,-07:00,2026-04-04T23:14:39-07:00,1,5
index.html,11,html,ba506ae8,Anh Pham,2026-04-04,23:14:39,-07:00,2026-04-04T23:14:39-07:00,0,4
index.html,12,html,ba506ae8,Anh Pham,2026-04-04,23:14:39,-07:00,2026-04-04T23:14:39-07:00,2,21
index.html,13,html,fd0e4fe4,Anh Pham,2026-04-04,22:47:36,-07:00,2026-04-04T22:47:36-07:00,2,76
index.html,14,html,fd0e4fe4,Anh Pham,2026-04-04,22:47:36,-07:00,2026-04-04T22:47:36-07:00,2,66
index.html,15,html,fd0e4fe4,Anh Pham,2026-04-04,22:47:36,-07:00,2026-04-04T22:47:36-07:00,2,65
index.html,16,html,4e67f387,Anh Pham,2026-04-24,22:55:41,-07:00,2026-04-24T22:55:41-07:00,2,22
index.html,17,html,4e67f387,Anh Pham,2026-04-24,22:55:41,-07:00,2026-04-24T22:55:41-07:00,2,28
index.html,18,html,4e67f387,Anh Pham,2026-04-24,22:55:41,-07:00,2026-04-24T22:55:41-07:00,2,22
index.html,19,html,4e67f387,Anh Pham,2026-04-24,22:55:41,-07:00,2026-04-24T22:55:41-07:00,2,20
index.html,20,html,4e67f387,Anh Pham,2026-04-24,22:55:41,-07:00,2026-04-24T22:55:41-07:00,2,4
index.html,21,html,e3fc019,Anh Pham,2026-04-04,22:02:06,-07:00,2026-04-04T22:02:06-07:00,0,5
index.html,22,html,ca167291,Anh Pham,2026-04-17,00:01:22,-07:00,2026-04-17T00:01:22-07:00,0,5
global.js,1,js,ca167291,Anh Pham,2026-04-17,00:01:22,-07:00,2026-04-17T00:01:22-07:00,0,25
global.js,2,js,ca167291,Anh Pham,2026-04-17,00:01:22,-07:00,2026-04-17T00:01:22-07:00,0,0
global.js,3,js,ca167291,Anh Pham,2026-04-17,00:01:22,-07:00,2026-04-17T00:01:22-07:00,0,41
global.js,4,js,ca167291,Anh Pham,2026-04-17,00:01:22,-07:00,2026-04-17T00:01:22-07:00,1,52
global.js,5,js,2d394009,Anh Pham,2026-04-17,00:11:43,-07:00,2026-04-17T00:11:43-07:00,0,0
global.js,6,js,2d394009,Anh Pham,2026-04-17,00:11:43,-07:00,2026-04-17T00:11:43-07:00,0,0
global.js,7,js,85e00e31,Anh Pham,2026-04-17,00:35:26,-07:00,2026-04-17T00:35:26-07:00,0,74
global.js,8,js,85e00e31,Anh Pham,2026-04-17,00:35:26,-07:00,2026-04-17T00:35:26-07:00,0,88
global.js,9,js,85e00e31,Anh Pham,2026-04-17,00:35:26,-07:00,2026-04-17T00:35:26-07:00,2,3
global.js,10,js,85e00e31,Anh Pham,2026-04-17,00:35:26,-07:00,2026-04-17T00:35:26-07:00,2,14
global.js,11,js,2d394009,Anh Pham,2026-04-17,00:11:43,-07:00,2026-04-17T00:11:43-07:00,0,0
global.js,12,js,85e00e31,Anh Pham,2026-04-17,00:35:26,-07:00,2026-04-17T00:35:26-07:00,0,11
global.js,13,js,85e00e31,Anh Pham,2026-04-17,00:35:26,-07:00,2026-04-17T00:35:26-07:00,2,25
global.js,14,js,85e00e31,Anh Pham,2026-04-17,00:35:26,-07:00,2026-04-17T00:35:26-07:00,2,34
global.js,15,js,85e00e31,Anh Pham,2026-04-17,00:35:26,-07:00,2026-04-17T00:35:26-07:00,2,38
global.js,16,js,00000000,Not Committed Yet,2026-05-08,22:51:25,-07:00,2026-05-08T22:51:25-07:00,2,30
global.js,17,js,85e00e31,Anh Pham,2026-04-17,00:35:26,-07:00,2026-04-17T00:35:26-07:00,2,36
global.js,18,js,85e00e31,Anh Pham,2026-04-17,00:35:26,-07:00,2026-04-17T00:35:26-07:00,2,57
global.js,19,js,85e00e31,Anh Pham,2026-04-17,00:35:26,-07:00,2026-04-17T00:35:26-07:00,0,0
global.js,20,js,85e00e31,Anh Pham,2026-04-17,00:35:26,-07:00,2026-04-17T00:35:26-07:00,0,0
global.js,21,js,85e00e31,Anh Pham,2026-04-17,00:35:26,-07:00,2026-04-17T00:35:26-07:00,0,15
global.js,22,js,85e00e31,Anh Pham,2026-04-17,00:35:26,-07:00,2026-04-17T00:35:26-07:00,0,38
global.js,23,js,85e00e31,Anh Pham,2026-04-17,00:35:26,-07:00,2026-04-17T00:35:26-07:00,0,25
global.js,24,js,85e00e31,Anh Pham,2026-04-17,00:35:26,-07:00,2026-04-17T00:35:26-07:00,0,0
global.js,25,js,85e00e31,Anh Pham,2026-04-17,00:35:26,-07:00,2026-04-17T00:35:26-07:00,0,20
global.js,26,js,85e00e31,Anh Pham,2026-04-17,00:35:26,-07:00,2026-04-17T00:35:26-07:00,1,14
global.js,27,js,85e00e31,Anh Pham,2026-04-17,00:35:26,-07:00,2026-04-17T00:35:26-07:00,1,18
global.js,28,js,85e00e31,Anh Pham,2026-04-17,00:35:26,-07:00,2026-04-17T00:35:26-07:00,0,0
global.js,29,js,85e00e31,Anh Pham,2026-04-17,00:35:26,-07:00,2026-04-17T00:35:26-07:00,1,52
global.js,30,js,85e00e31,Anh Pham,2026-04-17,00:35:26,-07:00,2026-04-17T00:35:26-07:00,0,0
global.js,31,js,85e00e31,Anh Pham,2026-04-17,00:35:26,-07:00,2026-04-17T00:35:26-07:00,1,34
global.js,32,js,85e00e31,Anh Pham,2026-04-17,00:35:26,-07:00,2026-04-17T00:35:26-07:00,1,11
global.js,33,js,85e00e31,Anh Pham,2026-04-17,00:35:26,-07:00,2026-04-17T00:35:26-07:00,1,20
global.js,34,js,85e00e31,Anh Pham,2026-04-17,00:35:26,-07:00,2026-04-17T00:35:26-07:00,0,0
global.js,35,js,85e00e31,Anh Pham,2026-04-17,00:35:26,-07:00,2026-04-17T00:35:26-07:00,1,26
global.js,36,js,85e00e31,Anh Pham,2026-04-17,00:35:26,-07:00,2026-04-17T00:35:26-07:00,1,17
global.js,37,js,85e00e31,Anh Pham,2026-04-17,00:35:26,-07:00,2026-04-17T00:35:26-07:00,2,8
global.js,38,js,85e00e31,Anh Pham,2026-04-17,00:35:26,-07:00,2026-04-17T00:35:26-07:00,2,59
global.js,39,js,85e00e31,Anh Pham,2026-04-17,00:35:26,-07:00,2026-04-17T00:35:26-07:00,1,0
global.js,40,js,85e00e31,Anh Pham,2026-04-17,00:35:26,-07:00,2026-04-17T00:35:26-07:00,0,0
global.js,41,js,85e00e31,Anh Pham,2026-04-17,00:35:26,-07:00,2026-04-17T00:35:26-07:00,1,15
global.js,42,js,85e00e31,Anh Pham,2026-04-17,00:35:26,-07:00,2026-04-17T00:35:26-07:00,1,29
global.js,43,js,85e00e31,Anh Pham,2026-04-17,00:35:26,-07:00,2026-04-17T00:35:26-07:00,2,18
global.js,44,js,85e00e31,Anh Pham,2026-04-17,00:35:26,-07:00,2026-04-17T00:35:26-07:00,1,0
global.js,45,js,85e00e31,Anh Pham,2026-04-17,00:35:26,-07:00,2026-04-17T00:35:26-07:00,0,0
global.js,46,js,85e00e31,Anh Pham,2026-04-17,00:35:26,-07:00,2026-04-17T00:35:26-07:00,1,12
global.js,47,js,85e00e31,Anh Pham,2026-04-17,00:35:26,-07:00,2026-04-17T00:35:26-07:00,0,0
global.js,48,js,dec74195,Anh Pham,2026-04-17,01:07:44,-07:00,2026-04-17T01:07:44-07:00,0,0
global.js,49,js,dec74195,Anh Pham,2026-04-17,01:07:44,-07:00,2026-04-17T01:07:44-07:00,0,31
global.js,50,js,dec74195,Anh Pham,2026-04-17,01:07:44,-07:00,2026-04-17T01:07:44-07:00,1,11
global.js,51,js,dec74195,Anh Pham,2026-04-17,01:07:44,-07:00,2026-04-17T01:07:44-07:00,1,0
global.js,52,js,dec74195,Anh Pham,2026-04-17,01:07:44,-07:00,2026-04-17T01:07:44-07:00,2,26
global.js,53,js,dec74195,Anh Pham,2026-04-17,01:07:44,-07:00,2026-04-17T01:07:44-07:00,3,4
global.js,54,js,dec74195,Anh Pham,2026-04-17,01:07:44,-07:00,2026-04-17T01:07:44-07:00,3,6
global.js,55,js,dec74195,Anh Pham,2026-04-17,01:07:44,-07:00,2026-04-17T01:07:44-07:00,4,43
global.js,56,js,dec74195,Anh Pham,2026-04-17,01:07:44,-07:00,2026-04-17T01:07:44-07:00,4,34
global.js,57,js,dec74195,Anh Pham,2026-04-17,01:07:44,-07:00,2026-04-17T01:07:44-07:00,4,32
global.js,58,js,dec74195,Anh Pham,2026-04-17,01:07:44,-07:00,2026-04-17T01:07:44-07:00,3,7
global.js,59,js,dec74195,Anh Pham,2026-04-17,01:07:44,-07:00,2026-04-17T01:07:44-07:00,2,6
global.js,60,js,dec74195,Anh Pham,2026-04-17,01:07:44,-07:00,2026-04-17T01:07:44-07:00,1,0
global.js,61,js,dec74195,Anh Pham,2026-04-17,01:07:44,-07:00,2026-04-17T01:07:44-07:00,0,0
global.js,62,js,dec74195,Anh Pham,2026-04-17,01:07:44,-07:00,2026-04-17T01:07:44-07:00,0,0
global.js,63,js,dec74195,Anh Pham,2026-04-17,01:07:44,-07:00,2026-04-17T01:07:44-07:00,0,58
global.js,64,js,dec74195,Anh Pham,2026-04-17,01:07:44,-07:00,2026-04-17T01:07:44-07:00,0,0
global.js,65,js,dec74195,Anh Pham,2026-04-17,01:07:44,-07:00,2026-04-17T01:07:44-07:00,0,36
global.js,66,js,dec74195,Anh Pham,2026-04-17,01:07:44,-07:00,2026-04-17T01:07:44-07:00,1,70
global.js,67,js,dec74195,Anh Pham,2026-04-17,01:07:44,-07:00,2026-04-17T01:07:44-07:00,1,25
global.js,68,js,dec74195,Anh Pham,2026-04-17,01:07:44,-07:00,2026-04-17T01:07:44-07:00,0,0
global.js,69,js,dec74195,Anh Pham,2026-04-17,01:07:44,-07:00,2026-04-17T01:07:44-07:00,0,0
global.js,70,js,dec74195,Anh Pham,2026-04-17,01:07:44,-07:00,2026-04-17T01:07:44-07:00,0,49
global.js,71,js,dec74195,Anh Pham,2026-04-17,01:07:44,-07:00,2026-04-17T01:07:44-07:00,1,35
global.js,72,js,dec74195,Anh Pham,2026-04-17,01:07:44,-07:00,2026-04-17T01:07:44-07:00,1,26
global.js,73,js,dec74195,Anh Pham,2026-04-17,01:07:44,-07:00,2026-04-17T01:07:44-07:00,1,37
global.js,74,js,dec74195,Anh Pham,2026-04-17,01:07:44,-07:00,2026-04-17T01:07:44-07:00,0,1
global.js,75,js,dec74195,Anh Pham,2026-04-17,01:07:44,-07:00,2026-04-17T01:07:44-07:00,0,0
global.js,76,js,dec74195,Anh Pham,2026-04-17,01:07:44,-07:00,2026-04-17T01:07:44-07:00,0,34
global.js,77,js,dec74195,Anh Pham,2026-04-17,01:07:44,-07:00,2026-04-17T01:07:44-07:00,1,39
global.js,78,js,dec74195,Anh Pham,2026-04-17,01:07:44,-07:00,2026-04-17T01:07:44-07:00,0,0
global.js,79,js,81388be1,Anh Pham,2026-04-17,01:21:55,-07:00,2026-04-17T01:21:55-07:00,0,0
global.js,80,js,81388be1,Anh Pham,2026-04-17,01:21:55,-07:00,2026-04-17T01:21:55-07:00,0,40
global.js,81,js,81388be1,Anh Pham,2026-04-17,01:21:55,-07:00,2026-04-17T01:21:55-07:00,0,0
global.js,82,js,81388be1,Anh Pham,2026-04-17,01:21:55,-07:00,2026-04-17T01:21:55-07:00,0,49
global.js,83,js,81388be1,Anh Pham,2026-04-17,01:21:55,-07:00,2026-04-17T01:21:55-07:00,1,21
global.js,84,js,81388be1,Anh Pham,2026-04-17,01:21:55,-07:00,2026-04-17T01:21:55-07:00,0,0
global.js,85,js,81388be1,Anh Pham,2026-04-17,01:21:55,-07:00,2026-04-17T01:21:55-07:00,1,28
global.js,86,js,81388be1,Anh Pham,2026-04-17,01:21:55,-07:00,2026-04-17T01:21:55-07:00,1,26
global.js,87,js,81388be1,Anh Pham,2026-04-17,01:21:55,-07:00,2026-04-17T01:21:55-07:00,1,14
global.js,88,js,81388be1,Anh Pham,2026-04-17,01:21:55,-07:00,2026-04-17T01:21:55-07:00,0,0
global.js,89,js,81388be1,Anh Pham,2026-04-17,01:21:55,-07:00,2026-04-17T01:21:55-07:00,1,31
global.js,90,js,81388be1,Anh Pham,2026-04-17,01:21:55,-07:00,2026-04-17T01:21:55-07:00,2,50
global.js,91,js,81388be1,Anh Pham,2026-04-17,01:21:55,-07:00,2026-04-17T01:21:55-07:00,1,0
global.js,92,js,81388be1,Anh Pham,2026-04-17,01:21:55,-07:00,2026-04-17T01:21:55-07:00,0,0
global.js,93,js,81388be1,Anh Pham,2026-04-17,01:21:55,-07:00,2026-04-17T01:21:55-07:00,1,22
global.js,94,js,81388be1,Anh Pham,2026-04-17,01:21:55,-07:00,2026-04-17T01:21:55-07:00,1,15
global.js,95,js,81388be1,Anh Pham,2026-04-17,01:21:55,-07:00,2026-04-17T01:21:55-07:00,1,18
global.js,96,js,81388be1,Anh Pham,2026-04-17,01:21:55,-07:00,2026-04-17T01:21:55-07:00,0,1
global.js,97,js,4e67f387,Anh Pham,2026-04-24,22:55:41,-07:00,2026-04-24T22:55:41-07:00,0,0
global.js,98,js,4e67f387,Anh Pham,2026-04-24,22:55:41,-07:00,2026-04-24T22:55:41-07:00,0,36
global.js,99,js,4e67f387,Anh Pham,2026-04-24,22:55:41,-07:00,2026-04-24T22:55:41-07:00,1,3
global.js,100,js,4e67f387,Anh Pham,2026-04-24,22:55:41,-07:00,2026-04-24T22:55:41-07:00,2,39
global.js,101,js,4e67f387,Anh Pham,2026-04-24,22:55:41,-07:00,2026-04-24T22:55:41-07:00,2,32
global.js,102,js,4e67f387,Anh Pham,2026-04-24,22:55:41,-07:00,2026-04-24T22:55:41-07:00,0,0
global.js,103,js,4e67f387,Anh Pham,2026-04-24,22:55:41,-07:00,2026-04-24T22:55:41-07:00,2,17
global.js,104,js,4e67f387,Anh Pham,2026-04-24,22:55:41,-07:00,2026-04-24T22:55:41-07:00,3,66
global.js,105,js,4e67f387,Anh Pham,2026-04-24,22:55:41,-07:00,2026-04-24T22:55:41-07:00,2,0
global.js,106,js,4e67f387,Anh Pham,2026-04-24,22:55:41,-07:00,2026-04-24T22:55:41-07:00,0,0
global.js,107,js,4e67f387,Anh Pham,2026-04-24,22:55:41,-07:00,2026-04-24T22:55:41-07:00,2,33
global.js,108,js,4e67f387,Anh Pham,2026-04-24,22:55:41,-07:00,2026-04-24T22:55:41-07:00,2,10
global.js,109,js,4e67f387,Anh Pham,2026-04-24,22:55:41,-07:00,2026-04-24T22:55:41-07:00,1,15
global.js,110,js,4e67f387,Anh Pham,2026-04-24,22:55:41,-07:00,2026-04-24T22:55:41-07:00,2,59
global.js,111,js,4e67f387,Anh Pham,2026-04-24,22:55:41,-07:00,2026-04-24T22:55:41-07:00,1,0
global.js,112,js,4e67f387,Anh Pham,2026-04-24,22:55:41,-07:00,2026-04-24T22:55:41-07:00,0,0
global.js,113,js,4e67f387,Anh Pham,2026-04-24,22:55:41,-07:00,2026-04-24T22:55:41-07:00,0,0
global.js,114,js,4e67f387,Anh Pham,2026-04-24,22:55:41,-07:00,2026-04-24T22:55:41-07:00,0,79
global.js,115,js,4e67f387,Anh Pham,2026-04-24,22:55:41,-07:00,2026-04-24T22:55:41-07:00,1,22
global.js,116,js,4e67f387,Anh Pham,2026-04-24,22:55:41,-07:00,2026-04-24T22:55:41-07:00,2,58
global.js,117,js,4e67f387,Anh Pham,2026-04-24,22:55:41,-07:00,2026-04-24T22:55:41-07:00,2,5
global.js,118,js,4e67f387,Anh Pham,2026-04-24,22:55:41,-07:00,2026-04-24T22:55:41-07:00,1,0
global.js,119,js,4e67f387,Anh Pham,2026-04-24,22:55:41,-07:00,2026-04-24T22:55:41-07:00,0,0
global.js,120,js,4e67f387,Anh Pham,2026-04-24,22:55:41,-07:00,2026-04-24T22:55:41-07:00,1,35
global.js,121,js,4e67f387,Anh Pham,2026-04-24,22:55:41,-07:00,2026-04-24T22:55:41-07:00,2,18
global.js,122,js,4e67f387,Anh Pham,2026-04-24,22:55:41,-07:00,2026-04-24T22:55:41-07:00,1,0
global.js,123,js,4e67f387,Anh Pham,2026-04-24,22:55:41,-07:00,2026-04-24T22:55:41-07:00,0,0
global.js,124,js,4e67f387,Anh Pham,2026-04-24,22:55:41,-07:00,2026-04-24T22:55:41-07:00,1,30
global.js,125,js,4e67f387,Anh Pham,2026-04-24,22:55:41,-07:00,2026-04-24T22:55:41-07:00,0,0
global.js,126,js,4e67f387,Anh Pham,2026-04-24,22:55:41,-07:00,2026-04-24T22:55:41-07:00,1,39
global.js,127,js,4e67f387,Anh Pham,2026-04-24,22:55:41,-07:00,2026-04-24T22:55:41-07:00,2,48
global.js,128,js,4e67f387,Anh Pham,2026-04-24,22:55:41,-07:00,2026-04-24T22:55:41-07:00,2,5
global.js,129,js,4e67f387,Anh Pham,2026-04-24,22:55:41,-07:00,2026-04-24T22:55:41-07:00,1,0
global.js,130,js,4e67f387,Anh Pham,2026-04-24,22:55:41,-07:00,2026-04-24T22:55:41-07:00,0,0
global.js,131,js,4e67f387,Anh Pham,2026-04-24,22:55:41,-07:00,2026-04-24T22:55:41-07:00,1,29
global.js,132,js,4e67f387,Anh Pham,2026-04-24,22:55:41,-07:00,2026-04-24T22:55:41-07:00,2,48
global.js,133,js,4e67f387,Anh Pham,2026-04-24,22:55:41,-07:00,2026-04-24T22:55:41-07:00,2,19
global.js,134,js,4e67f387,Anh Pham,2026-04-24,22:55:41,-07:00,2026-04-24T22:55:41-07:00,3,49
global.js,135,js,4e67f387,Anh Pham,2026-04-24,22:55:41,-07:00,2026-04-24T22:55:41-07:00,3,49
global.js,136,js,2879683a,Anh Pham,2026-04-30,16:45:11,-07:00,2026-04-30T16:45:11-07:00,3,3
global.js,137,js,2879683a,Anh Pham,2026-04-30,16:45:11,-07:00,2026-04-30T16:45:11-07:00,4,27
global.js,138,js,2879683a,Anh Pham,2026-04-30,16:45:11,-07:00,2026-04-30T16:45:11-07:00,4,44
global.js,139,js,2879683a,Anh Pham,2026-04-30,16:45:11,-07:00,2026-04-30T16:45:11-07:00,3,4
global.js,140,js,4e67f387,Anh Pham,2026-04-24,22:55:41,-07:00,2026-04-24T22:55:41-07:00,2,0
global.js,141,js,4e67f387,Anh Pham,2026-04-24,22:55:41,-07:00,2026-04-24T22:55:41-07:00,2,36
global.js,142,js,4e67f387,Anh Pham,2026-04-24,22:55:41,-07:00,2026-04-24T22:55:41-07:00,1,0
global.js,143,js,4e67f387,Anh Pham,2026-04-24,22:55:41,-07:00,2026-04-24T22:55:41-07:00,0,0
global.js,144,js,4e67f387,Anh Pham,2026-04-24,22:55:41,-07:00,2026-04-24T22:55:41-07:00,0,0
global.js,145,js,4e67f387,Anh Pham,2026-04-24,22:55:41,-07:00,2026-04-24T22:55:41-07:00,0,47
global.js,146,js,4e67f387,Anh Pham,2026-04-24,22:55:41,-07:00,2026-04-24T22:55:41-07:00,1,59
global.js,147,js,4e67f387,Anh Pham,2026-04-24,22:55:41,-07:00,2026-04-24T22:55:41-07:00,0,0
resume/index.html,1,html,fd0e4fe4,Anh Pham,2026-04-04,22:47:36,-07:00,2026-04-04T22:47:36-07:00,0,13
resume/index.html,2,html,fd0e4fe4,Anh Pham,2026-04-04,22:47:36,-07:00,2026-04-04T22:47:36-07:00,0,14
resume/index.html,3,html,fd0e4fe4,Anh Pham,2026-04-04,22:47:36,-07:00,2026-04-04T22:47:36-07:00,0,4
resume/index.html,4,html,fd0e4fe4,Anh Pham,2026-04-04,22:47:36,-07:00,2026-04-04T22:47:36-07:00,2,20
resume/index.html,5,html,fd0e4fe4,Anh Pham,2026-04-04,22:47:36,-07:00,2026-04-04T22:47:36-07:00,2,68
resume/index.html,6,html,75f30b6e,Anh Pham,2026-04-10,18:06:48,-07:00,2026-04-10T18:06:48-07:00,2,41
resume/index.html,7,html,ca167291,Anh Pham,2026-04-17,00:01:22,-07:00,2026-04-17T00:01:22-07:00,2,48
resume/index.html,8,html,dec74195,Anh Pham,2026-04-17,01:07:44,-07:00,2026-04-17T01:07:44-07:00,2,19
resume/index.html,9,html,75f30b6e,Anh Pham,2026-04-10,18:06:48,-07:00,2026-04-10T18:06:48-07:00,0,5
resume/index.html,10,html,75f30b6e,Anh Pham,2026-04-10,18:06:48,-07:00,2026-04-10T18:06:48-07:00,0,4
resume/index.html,11,html,fd0e4fe4,Anh Pham,2026-04-04,22:47:36,-07:00,2026-04-04T22:47:36-07:00,2,15
resume/index.html,12,html,fd0e4fe4,Anh Pham,2026-04-04,22:47:36,-07:00,2026-04-04T22:47:36-07:00,2,1
resume/index.html,13,html,fd0e4fe4,Anh Pham,2026-04-04,22:47:36,-07:00,2026-04-04T22:47:36-07:00,2,12
resume/index.html,14,html,fd0e4fe4,Anh Pham,2026-04-04,22:47:36,-07:00,2026-04-04T22:47:36-07:00,2,52
resume/index.html,15,html,fd0e4fe4,Anh Pham,2026-04-04,22:47:36,-07:00,2026-04-04T22:47:36-07:00,2,77
resume/index.html,16,html,fd0e4fe4,Anh Pham,2026-04-04,22:47:36,-07:00,2026-04-04T22:47:36-07:00,2,65
resume/index.html,17,html,fd0e4fe4,Anh Pham,2026-04-04,22:47:36,-07:00,2026-04-04T22:47:36-07:00,2,2
resume/index.html,18,html,fd0e4fe4,Anh Pham,2026-04-04,22:47:36,-07:00,2026-04-04T22:47:36-07:00,0,0
resume/index.html,19,html,fd0e4fe4,Anh Pham,2026-04-04,22:47:36,-07:00,2026-04-04T22:47:36-07:00,2,16
resume/index.html,20,html,fd0e4fe4,Anh Pham,2026-04-04,22:47:36,-07:00,2026-04-04T22:47:36-07:00,2,7
resume/index.html,21,html,fd0e4fe4,Anh Pham,2026-04-04,22:47:36,-07:00,2026-04-04T22:47:36-07:00,2,33
resume/index.html,22,html,fd0e4fe4,Anh Pham,2026-04-04,22:47:36,-07:00,2026-04-04T22:47:36-07:00,0,0
resume/index.html,23,html,fd0e4fe4,Anh Pham,2026-04-04,22:47:36,-07:00,2026-04-04T22:47:36-07:00,2,7
resume/index.html,24,html,fd0e4fe4,Anh Pham,2026-04-04,22:47:36,-07:00,2026-04-04T22:47:36-07:00,4,42
resume/index.html,25,html,75f30b6e,Anh Pham,2026-04-10,18:06:48,-07:00,2026-04-10T18:06:48-07:00,4,59
resume/index.html,26,html,75f30b6e,Anh Pham,2026-04-10,18:06:48,-07:00,2026-04-10T18:06:48-07:00,6,17
resume/index.html,27,html,75f30b6e,Anh Pham,2026-04-10,18:06:48,-07:00,2026-04-10T18:06:48-07:00,8,43
resume/index.html,28,html,75f30b6e,Anh Pham,2026-04-10,18:06:48,-07:00,2026-04-10T18:06:48-07:00,6,5
resume/index.html,29,html,75f30b6e,Anh Pham,2026-04-10,18:06:48,-07:00,2026-04-10T18:06:48-07:00,4,2
resume/index.html,30,html,fd0e4fe4,Anh Pham,2026-04-04,22:47:36,-07:00,2026-04-04T22:47:36-07:00,0,0
resume/index.html,31,html,fd0e4fe4,Anh Pham,2026-04-04,22:47:36,-07:00,2026-04-04T22:47:36-07:00,4,2
resume/index.html,32,html,fd0e4fe4,Anh Pham,2026-04-04,22:47:36,-07:00,2026-04-04T22:47:36-07:00,4,75
resume/index.html,33,html,fd0e4fe4,Anh Pham,2026-04-04,22:47:36,-07:00,2026-04-04T22:47:36-07:00,4,3
resume/index.html,34,html,fd0e4fe4,Anh Pham,2026-04-04,22:47:36,-07:00,2026-04-04T22:47:36-07:00,2,8
resume/index.html,35,html,fd0e4fe4,Anh Pham,2026-04-04,22:47:36,-07:00,2026-04-04T22:47:36-07:00,2,8
resume/index.html,36,html,fd0e4fe4,Anh Pham,2026-04-04,22:47:36,-07:00,2026-04-04T22:47:36-07:00,0,0
resume/index.html,37,html,fd0e4fe4,Anh Pham,2026-04-04,22:47:36,-07:00,2026-04-04T22:47:36-07:00,2,17
resume/index.html,38,html,fd0e4fe4,Anh Pham,2026-04-04,22:47:36,-07:00,2026-04-04T22:47:36-07:00,2,7
resume/index.html,39,html,fd0e4fe4,Anh Pham,2026-04-04,22:47:36,-07:00,2026-04-04T22:47:36-07:00,2,34
resume/index.html,40,html,fd0e4fe4,Anh Pham,2026-04-04,22:47:36,-07:00,2026-04-04T22:47:36-07:00,0,0
resume/index.html,41,html,fd0e4fe4,Anh Pham,2026-04-04,22:47:36,-07:00,2026-04-04T22:47:36-07:00,2,7
resume/index.html,42,html,fd0e4fe4,Anh Pham,2026-04-04,22:47:36,-07:00,2026-04-04T22:47:36-07:00,4,31
resume/index.html,43,html,75f30b6e,Anh Pham,2026-04-10,18:06:48,-07:00,2026-04-10T18:06:48-07:00,4,10
resume/index.html,44,html,75f30b6e,Anh Pham,2026-04-10,18:06:48,-07:00,2026-04-10T18:06:48-07:00,6,43
resume/index.html,45,html,75f30b6e,Anh Pham,2026-04-10,18:06:48,-07:00,2026-04-10T18:06:48-07:00,4,2
resume/index.html,46,html,fd0e4fe4,Anh Pham,2026-04-04,22:47:36,-07:00,2026-04-04T22:47:36-07:00,4,2
resume/index.html,47,html,fd0e4fe4,Anh Pham,2026-04-04,22:47:36,-07:00,2026-04-04T22:47:36-07:00,4,73
resume/index.html,48,html,fd0e4fe4,Anh Pham,2026-04-04,22:47:36,-07:00,2026-04-04T22:47:36-07:00,4,3
resume/index.html,49,html,fd0e4fe4,Anh Pham,2026-04-04,22:47:36,-07:00,2026-04-04T22:47:36-07:00,2,8
resume/index.html,50,html,fd0e4fe4,Anh Pham,2026-04-04,22:47:36,-07:00,2026-04-04T22:47:36-07:00,0,0
resume/index.html,51,html,fd0e4fe4,Anh Pham,2026-04-04,22:47:36,-07:00,2026-04-04T22:47:36-07:00,2,7
resume/index.html,52,html,fd0e4fe4,Anh Pham,2026-04-04,22:47:36,-07:00,2026-04-04T22:47:36-07:00,4,30
resume/index.html,53,html,75f30b6e,Anh Pham,2026-04-10,18:06:48,-07:00,2026-04-10T18:06:48-07:00,4,28
resume/index.html,54,html,75f30b6e,Anh Pham,2026-04-10,18:06:48,-07:00,2026-04-10T18:06:48-07:00,6,42
resume/index.html,55,html,fd0e4fe4,Anh Pham,2026-04-04,22:47:36,-07:00,2026-04-04T22:47:36-07:00,4,2
resume/index.html,56,html,fd0e4fe4,Anh Pham,2026-04-04,22:47:36,-07:00,2026-04-04T22:47:36-07:00,0,0
resume/index.html,57,html,fd0e4fe4,Anh Pham,2026-04-04,22:47:36,-07:00,2026-04-04T22:47:36-07:00,4,2
resume/index.html,58,html,fd0e4fe4,Anh Pham,2026-04-04,22:47:36,-07:00,2026-04-04T22:47:36-07:00,4,76
resume/index.html,59,html,fd0e4fe4,Anh Pham,2026-04-04,22:47:36,-07:00,2026-04-04T22:47:36-07:00,4,41
resume/index.html,60,html,fd0e4fe4,Anh Pham,2026-04-04,22:47:36,-07:00,2026-04-04T22:47:36-07:00,4,55
resume/index.html,61,html,fd0e4fe4,Anh Pham,2026-04-04,22:47:36,-07:00,2026-04-04T22:47:36-07:00,4,3
resume/index.html,62,html,fd0e4fe4,Anh Pham,2026-04-04,22:47:36,-07:00,2026-04-04T22:47:36-07:00,2,8
resume/index.html,63,html,fd0e4fe4,Anh Pham,2026-04-04,22:47:36,-07:00,2026-04-04T22:47:36-07:00,0,0
resume/index.html,64,html,fd0e4fe4,Anh Pham,2026-04-04,22:47:36,-07:00,2026-04-04T22:47:36-07:00,2,7
resume/index.html,65,html,fd0e4fe4,Anh Pham,2026-04-04,22:47:36,-07:00,2026-04-04T22:47:36-07:00,4,44
resume/index.html,66,html,75f30b6e,Anh Pham,2026-04-10,18:06:48,-07:00,2026-04-10T18:06:48-07:00,4,13
resume/index.html,67,html,75f30b6e,Anh Pham,2026-04-10,18:06:48,-07:00,2026-04-10T18:06:48-07:00,6,43
resume/index.html,68,html,fd0e4fe4,Anh Pham,2026-04-04,22:47:36,-07:00,2026-04-04T22:47:36-07:00,4,2
resume/index.html,69,html,fd0e4fe4,Anh Pham,2026-04-04,22:47:36,-07:00,2026-04-04T22:47:36-07:00,0,0
resume/index.html,70,html,fd0e4fe4,Anh Pham,2026-04-04,22:47:36,-07:00,2026-04-04T22:47:36-07:00,4,2
resume/index.html,71,html,fd0e4fe4,Anh Pham,2026-04-04,22:47:36,-07:00,2026-04-04T22:47:36-07:00,4,60
resume/index.html,72,html,fd0e4fe4,Anh Pham,2026-04-04,22:47:36,-07:00,2026-04-04T22:47:36-07:00,4,50
resume/index.html,73,html,fd0e4fe4,Anh Pham,2026-04-04,22:47:36,-07:00,2026-04-04T22:47:36-07:00,4,3
resume/index.html,74,html,fd0e4fe4,Anh Pham,2026-04-04,22:47:36,-07:00,2026-04-04T22:47:36-07:00,2,8
resume/index.html,75,html,fd0e4fe4,Anh Pham,2026-04-04,22:47:36,-07:00,2026-04-04T22:47:36-07:00,0,0
resume/index.html,76,html,fd0e4fe4,Anh Pham,2026-04-04,22:47:36,-07:00,2026-04-04T22:47:36-07:00,2,7
resume/index.html,77,html,fd0e4fe4,Anh Pham,2026-04-04,22:47:36,-07:00,2026-04-04T22:47:36-07:00,4,35
resume/index.html,78,html,75f30b6e,Anh Pham,2026-04-10,18:06:48,-07:00,2026-04-10T18:06:48-07:00,4,34
resume/index.html,79,html,75f30b6e,Anh Pham,2026-04-10,18:06:48,-07:00,2026-04-10T18:06:48-07:00,6,42
resume/index.html,80,html,75f30b6e,Anh Pham,2026-04-10,18:06:48,-07:00,2026-04-10T18:06:48-07:00,4,2
resume/index.html,81,html,fd0e4fe4,Anh Pham,2026-04-04,22:47:36,-07:00,2026-04-04T22:47:36-07:00,0,0
resume/index.html,82,html,fd0e4fe4,Anh Pham,2026-04-04,22:47:36,-07:00,2026-04-04T22:47:36-07:00,4,2
resume/index.html,83,html,fd0e4fe4,Anh Pham,2026-04-04,22:47:36,-07:00,2026-04-04T22:47:36-07:00,4,65
resume/index.html,84,html,fd0e4fe4,Anh Pham,2026-04-04,22:47:36,-07:00,2026-04-04T22:47:36-07:00,4,42
resume/index.html,85,html,fd0e4fe4,Anh Pham,2026-04-04,22:47:36,-07:00,2026-04-04T22:47:36-07:00,4,3
resume/index.html,86,html,fd0e4fe4,Anh Pham,2026-04-04,22:47:36,-07:00,2026-04-04T22:47:36-07:00,2,8
resume/index.html,87,html,fd0e4fe4,Anh Pham,2026-04-04,22:47:36,-07:00,2026-04-04T22:47:36-07:00,0,0
resume/index.html,88,html,fd0e4fe4,Anh Pham,2026-04-04,22:47:36,-07:00,2026-04-04T22:47:36-07:00,2,7
resume/index.html,89,html,fd0e4fe4,Anh Pham,2026-04-04,22:47:36,-07:00,2026-04-04T22:47:36-07:00,4,26
resume/index.html,90,html,75f30b6e,Anh Pham,2026-04-10,18:06:48,-07:00,2026-04-10T18:06:48-07:00,4,35
resume/index.html,91,html,75f30b6e,Anh Pham,2026-04-10,18:06:48,-07:00,2026-04-10T18:06:48-07:00,6,43
resume/index.html,92,html,fd0e4fe4,Anh Pham,2026-04-04,22:47:36,-07:00,2026-04-04T22:47:36-07:00,4,2
resume/index.html,93,html,fd0e4fe4,Anh Pham,2026-04-04,22:47:36,-07:00,2026-04-04T22:47:36-07:00,0,0
resume/index.html,94,html,fd0e4fe4,Anh Pham,2026-04-04,22:47:36,-07:00,2026-04-04T22:47:36-07:00,4,2
resume/index.html,95,html,fd0e4fe4,Anh Pham,2026-04-04,22:47:36,-07:00,2026-04-04T22:47:36-07:00,4,63
resume/index.html,96,html,fd0e4fe4,Anh Pham,2026-04-04,22:47:36,-07:00,2026-04-04T22:47:36-07:00,4,47
resume/index.html,97,html,fd0e4fe4,Anh Pham,2026-04-04,22:47:36,-07:00,2026-04-04T22:47:36-07:00,4,3
resume/index.html,98,html,fd0e4fe4,Anh Pham,2026-04-04,22:47:36,-07:00,2026-04-04T22:47:36-07:00,2,8
resume/index.html,99,html,fd0e4fe4,Anh Pham,2026-04-04,22:47:36,-07:00,2026-04-04T22:47:36-07:00,0,0
resume/index.html,100,html,fd0e4fe4,Anh Pham,2026-04-04,22:47:36,-07:00,2026-04-04T22:47:36-07:00,2,8
resume/index.html,101,html,fd0e4fe4,Anh Pham,2026-04-04,22:47:36,-07:00,2026-04-04T22:47:36-07:00,0,0
resume/index.html,102,html,fd0e4fe4,Anh Pham,2026-04-04,22:47:36,-07:00,2026-04-04T22:47:36-07:00,2,15
resume/index.html,103,html,fd0e4fe4,Anh Pham,2026-04-04,22:47:36,-07:00,2026-04-04T22:47:36-07:00,2,7
resume/index.html,104,html,fd0e4fe4,Anh Pham,2026-04-04,22:47:36,-07:00,2026-04-04T22:47:36-07:00,2,32
resume/index.html,105,html,fd0e4fe4,Anh Pham,2026-04-04,22:47:36,-07:00,2026-04-04T22:47:36-07:00,0,0
resume/index.html,106,html,fd0e4fe4,Anh Pham,2026-04-04,22:47:36,-07:00,2026-04-04T22:47:36-07:00,2,7
resume/index.html,107,html,fd0e4fe4,Anh Pham,2026-04-04,22:47:36,-07:00,2026-04-04T22:47:36-07:00,4,31
resume/index.html,108,html,fd0e4fe4,Anh Pham,2026-04-04,22:47:36,-07:00,2026-04-04T22:47:36-07:00,4,52
resume/index.html,109,html,fd0e4fe4,Anh Pham,2026-04-04,22:47:36,-07:00,2026-04-04T22:47:36-07:00,0,0
resume/index.html,110,html,fd0e4fe4,Anh Pham,2026-04-04,22:47:36,-07:00,2026-04-04T22:47:36-07:00,4,2
resume/index.html,111,html,fd0e4fe4,Anh Pham,2026-04-04,22:47:36,-07:00,2026-04-04T22:47:36-07:00,4,65
resume/index.html,112,html,fd0e4fe4,Anh Pham,2026-04-04,22:47:36,-07:00,2026-04-04T22:47:36-07:00,4,61
resume/index.html,113,html,fd0e4fe4,Anh Pham,2026-04-04,22:47:36,-07:00,2026-04-04T22:47:36-07:00,4,3
resume/index.html,114,html,fd0e4fe4,Anh Pham,2026-04-04,22:47:36,-07:00,2026-04-04T22:47:36-07:00,2,8
resume/index.html,115,html,fd0e4fe4,Anh Pham,2026-04-04,22:47:36,-07:00,2026-04-04T22:47:36-07:00,0,0
resume/index.html,116,html,fd0e4fe4,Anh Pham,2026-04-04,22:47:36,-07:00,2026-04-04T22:47:36-07:00,2,7
resume/index.html,117,html,fd0e4fe4,Anh Pham,2026-04-04,22:47:36,-07:00,2026-04-04T22:47:36-07:00,4,14
resume/index.html,118,html,fd0e4fe4,Anh Pham,2026-04-04,22:47:36,-07:00,2026-04-04T22:47:36-07:00,4,33
resume/index.html,119,html,fd0e4fe4,Anh Pham,2026-04-04,22:47:36,-07:00,2026-04-04T22:47:36-07:00,0,0
resume/index.html,120,html,fd0e4fe4,Anh Pham,2026-04-04,22:47:36,-07:00,2026-04-04T22:47:36-07:00,4,2
resume/index.html,121,html,fd0e4fe4,Anh Pham,2026-04-04,22:47:36,-07:00,2026-04-04T22:47:36-07:00,4,56
resume/index.html,122,html,fd0e4fe4,Anh Pham,2026-04-04,22:47:36,-07:00,2026-04-04T22:47:36-07:00,4,37
resume/index.html,123,html,fd0e4fe4,Anh Pham,2026-04-04,22:47:36,-07:00,2026-04-04T22:47:36-07:00,4,3
resume/index.html,124,html,fd0e4fe4,Anh Pham,2026-04-04,22:47:36,-07:00,2026-04-04T22:47:36-07:00,2,8
resume/index.html,125,html,fd0e4fe4,Anh Pham,2026-04-04,22:47:36,-07:00,2026-04-04T22:47:36-07:00,0,0
resume/index.html,126,html,fd0e4fe4,Anh Pham,2026-04-04,22:47:36,-07:00,2026-04-04T22:47:36-07:00,2,8
resume/index.html,127,html,fd0e4fe4,Anh Pham,2026-04-04,22:47:36,-07:00,2026-04-04T22:47:36-07:00,0,0
resume/index.html,128,html,fd0e4fe4,Anh Pham,2026-04-04,22:47:36,-07:00,2026-04-04T22:47:36-07:00,2,13
resume/index.html,129,html,fd0e4fe4,Anh Pham,2026-04-04,22:47:36,-07:00,2026-04-04T22:47:36-07:00,2,7
resume/index.html,130,html,fd0e4fe4,Anh Pham,2026-04-04,22:47:36,-07:00,2026-04-04T22:47:36-07:00,2,40
resume/index.html,131,html,fd0e4fe4,Anh Pham,2026-04-04,22:47:36,-07:00,2026-04-04T22:47:36-07:00,0,0
resume/index.html,132,html,fd0e4fe4,Anh Pham,2026-04-04,22:47:36,-07:00,2026-04-04T22:47:36-07:00,2,2
resume/index.html,133,html,fd0e4fe4,Anh Pham,2026-04-04,22:47:36,-07:00,2026-04-04T22:47:36-07:00,4,73
resume/index.html,134,html,fd0e4fe4,Anh Pham,2026-04-04,22:47:36,-07:00,2026-04-04T22:47:36-07:00,4,61
resume/index.html,135,html,fd0e4fe4,Anh Pham,2026-04-04,22:47:36,-07:00,2026-04-04T22:47:36-07:00,4,62
resume/index.html,136,html,fd0e4fe4,Anh Pham,2026-04-04,22:47:36,-07:00,2026-04-04T22:47:36-07:00,4,69
resume/index.html,137,html,fd0e4fe4,Anh Pham,2026-04-04,22:47:36,-07:00,2026-04-04T22:47:36-07:00,2,3
resume/index.html,138,html,fd0e4fe4,Anh Pham,2026-04-04,22:47:36,-07:00,2026-04-04T22:47:36-07:00,2,8
resume/index.html,139,html,fd0e4fe4,Anh Pham,2026-04-04,22:47:36,-07:00,2026-04-04T22:47:36-07:00,0,5
resume/index.html,140,html,ca167291,Anh Pham,2026-04-17,00:01:22,-07:00,2026-04-17T00:01:22-07:00,0,5
projects/projects.js,1,js,4e67f387,Anh Pham,2026-04-24,22:55:41,-07:00,2026-04-24T22:55:41-07:00,0,55
projects/projects.js,2,js,2879683a,Anh Pham,2026-04-30,16:45:11,-07:00,2026-04-30T16:45:11-07:00,0,63
projects/projects.js,3,js,4e67f387,Anh Pham,2026-04-24,22:55:41,-07:00,2026-04-24T22:55:41-07:00,0,0
projects/projects.js,4,js,4e67f387,Anh Pham,2026-04-24,22:55:41,-07:00,2026-04-24T22:55:41-07:00,0,61
projects/projects.js,5,js,4e67f387,Anh Pham,2026-04-24,22:55:41,-07:00,2026-04-24T22:55:41-07:00,0,62
projects/projects.js,6,js,4e67f387,Anh Pham,2026-04-24,22:55:41,-07:00,2026-04-24T22:55:41-07:00,0,60
projects/projects.js,7,js,2879683a,Anh Pham,2026-04-30,16:45:11,-07:00,2026-04-30T16:45:11-07:00,0,55
projects/projects.js,8,js,2879683a,Anh Pham,2026-04-30,16:45:11,-07:00,2026-04-30T16:45:11-07:00,0,13
projects/projects.js,9,js,2879683a,Anh Pham,2026-04-30,16:45:11,-07:00,2026-04-30T16:45:11-07:00,0,21
projects/projects.js,10,js,2879683a,Anh Pham,2026-04-30,16:45:11,-07:00,2026-04-30T16:45:11-07:00,0,22
projects/projects.js,11,js,4e67f387,Anh Pham,2026-04-24,22:55:41,-07:00,2026-04-24T22:55:41-07:00,0,0
projects/projects.js,12,js,4e67f387,Anh Pham,2026-04-24,22:55:41,-07:00,2026-04-24T22:55:41-07:00,0,56
projects/projects.js,13,js,2879683a,Anh Pham,2026-04-30,16:45:11,-07:00,2026-04-30T16:45:11-07:00,0,11
projects/projects.js,14,js,2879683a,Anh Pham,2026-04-30,16:45:11,-07:00,2026-04-30T16:45:11-07:00,0,0
projects/projects.js,15,js,2879683a,Anh Pham,2026-04-30,16:45:11,-07:00,2026-04-30T16:45:11-07:00,0,48
projects/projects.js,16,js,2879683a,Anh Pham,2026-04-30,16:45:11,-07:00,2026-04-30T16:45:11-07:00,1,25
projects/projects.js,17,js,2879683a,Anh Pham,2026-04-30,16:45:11,-07:00,2026-04-30T16:45:11-07:00,1,11
projects/projects.js,18,js,2879683a,Anh Pham,2026-04-30,16:45:11,-07:00,2026-04-30T16:45:11-07:00,0,1
projects/projects.js,19,js,2879683a,Anh Pham,2026-04-30,16:45:11,-07:00,2026-04-30T16:45:11-07:00,0,0
projects/projects.js,20,js,2879683a,Anh Pham,2026-04-30,16:45:11,-07:00,2026-04-30T16:45:11-07:00,0,36
projects/projects.js,21,js,2879683a,Anh Pham,2026-04-30,16:45:11,-07:00,2026-04-30T16:45:11-07:00,1,35
projects/projects.js,22,js,2879683a,Anh Pham,2026-04-30,16:45:11,-07:00,2026-04-30T16:45:11-07:00,2,59
projects/projects.js,23,js,2879683a,Anh Pham,2026-04-30,16:45:11,-07:00,2026-04-30T16:45:11-07:00,2,42
projects/projects.js,24,js,2879683a,Anh Pham,2026-04-30,16:45:11,-07:00,2026-04-30T16:45:11-07:00,1,1
projects/projects.js,25,js,2879683a,Anh Pham,2026-04-30,16:45:11,-07:00,2026-04-30T16:45:11-07:00,0,0
projects/projects.js,26,js,2879683a,Anh Pham,2026-04-30,16:45:11,-07:00,2026-04-30T16:45:11-07:00,0,0
projects/projects.js,27,js,2879683a,Anh Pham,2026-04-30,16:45:11,-07:00,2026-04-30T16:45:11-07:00,0,21
projects/projects.js,28,js,2879683a,Anh Pham,2026-04-30,16:45:11,-07:00,2026-04-30T16:45:11-07:00,1,55
projects/projects.js,29,js,2879683a,Anh Pham,2026-04-30,16:45:11,-07:00,2026-04-30T16:45:11-07:00,1,64
projects/projects.js,30,js,2879683a,Anh Pham,2026-04-30,16:45:11,-07:00,2026-04-30T16:45:11-07:00,2,44
projects/projects.js,31,js,2879683a,Anh Pham,2026-04-30,16:45:11,-07:00,2026-04-30T16:45:11-07:00,1,0
projects/projects.js,32,js,2879683a,Anh Pham,2026-04-30,16:45:11,-07:00,2026-04-30T16:45:11-07:00,0,0
projects/projects.js,33,js,2879683a,Anh Pham,2026-04-30,16:45:11,-07:00,2026-04-30T16:45:11-07:00,1,50
projects/projects.js,34,js,2879683a,Anh Pham,2026-04-30,16:45:11,-07:00,2026-04-30T16:45:11-07:00,2,18
projects/projects.js,35,js,2879683a,Anh Pham,2026-04-30,16:45:11,-07:00,2026-04-30T16:45:11-07:00,1,0
projects/projects.js,36,js,2879683a,Anh Pham,2026-04-30,16:45:11,-07:00,2026-04-30T16:45:11-07:00,0,0
projects/projects.js,37,js,2879683a,Anh Pham,2026-04-30,16:45:11,-07:00,2026-04-30T16:45:11-07:00,1,41
projects/projects.js,38,js,2879683a,Anh Pham,2026-04-30,16:45:11,-07:00,2026-04-30T16:45:11-07:00,2,22
projects/projects.js,39,js,2879683a,Anh Pham,2026-04-30,16:45:11,-07:00,2026-04-30T16:45:11-07:00,2,42
projects/projects.js,40,js,2879683a,Anh Pham,2026-04-30,16:45:11,-07:00,2026-04-30T16:45:11-07:00,3,44
projects/projects.js,41,js,2879683a,Anh Pham,2026-04-30,16:45:11,-07:00,2026-04-30T16:45:11-07:00,2,0
projects/projects.js,42,js,2879683a,Anh Pham,2026-04-30,16:45:11,-07:00,2026-04-30T16:45:11-07:00,0,0
projects/projects.js,43,js,2879683a,Anh Pham,2026-04-30,16:45:11,-07:00,2026-04-30T16:45:11-07:00,1,55
projects/projects.js,44,js,2879683a,Anh Pham,2026-04-30,16:45:11,-07:00,2026-04-30T16:45:11-07:00,1,30
projects/projects.js,45,js,2879683a,Anh Pham,2026-04-30,16:45:11,-07:00,2026-04-30T16:45:11-07:00,0,0
projects/projects.js,46,js,2879683a,Anh Pham,2026-04-30,16:45:11,-07:00,2026-04-30T16:45:11-07:00,0,0
projects/projects.js,47,js,2879683a,Anh Pham,2026-04-30,16:45:11,-07:00,2026-04-30T16:45:11-07:00,0,38
projects/projects.js,48,js,2879683a,Anh Pham,2026-04-30,16:45:11,-07:00,2026-04-30T16:45:11-07:00,1,26
projects/projects.js,49,js,2879683a,Anh Pham,2026-04-30,16:45:11,-07:00,2026-04-30T16:45:11-07:00,2,12
projects/projects.js,50,js,2879683a,Anh Pham,2026-04-30,16:45:11,-07:00,2026-04-30T16:45:11-07:00,2,14
projects/projects.js,51,js,2879683a,Anh Pham,2026-04-30,16:45:11,-07:00,2026-04-30T16:45:11-07:00,2,12
projects/projects.js,52,js,2879683a,Anh Pham,2026-04-30,16:45:11,-07:00,2026-04-30T16:45:11-07:00,1,0
projects/projects.js,53,js,2879683a,Anh Pham,2026-04-30,16:45:11,-07:00,2026-04-30T16:45:11-07:00,1,44
projects/projects.js,54,js,2879683a,Anh Pham,2026-04-30,16:45:11,-07:00,2026-04-30T16:45:11-07:00,2,35
projects/projects.js,55,js,2879683a,Anh Pham,2026-04-30,16:45:11,-07:00,2026-04-30T16:45:11-07:00,1,1
projects/projects.js,56,js,2879683a,Anh Pham,2026-04-30,16:45:11,-07:00,2026-04-30T16:45:11-07:00,1,57
projects/projects.js,57,js,2879683a,Anh Pham,2026-04-30,16:45:11,-07:00,2026-04-30T16:45:11-07:00,1,61
projects/projects.js,58,js,2879683a,Anh Pham,2026-04-30,16:45:11,-07:00,2026-04-30T16:45:11-07:00,1,33
projects/projects.js,59,js,2879683a,Anh Pham,2026-04-30,16:45:11,-07:00,2026-04-30T16:45:11-07:00,1,45
projects/projects.js,60,js,2879683a,Anh Pham,2026-04-30,16:45:11,-07:00,2026-04-30T16:45:11-07:00,1,47
projects/projects.js,61,js,2879683a,Anh Pham,2026-04-30,16:45:11,-07:00,2026-04-30T16:45:11-07:00,1,40
projects/projects.js,62,js,2879683a,Anh Pham,2026-04-30,16:45:11,-07:00,2026-04-30T16:45:11-07:00,1,32
projects/projects.js,63,js,2879683a,Anh Pham,2026-04-30,16:45:11,-07:00,2026-04-30T16:45:11-07:00,0,0
projects/projects.js,64,js,2879683a,Anh Pham,2026-04-30,16:45:11,-07:00,2026-04-30T16:45:11-07:00,1,35
projects/projects.js,65,js,2879683a,Anh Pham,2026-04-30,16:45:11,-07:00,2026-04-30T16:45:11-07:00,2,2
projects/projects.js,66,js,2879683a,Anh Pham,2026-04-30,16:45:11,-07:00,2026-04-30T16:45:11-07:00,2,64
projects/projects.js,67,js,2879683a,Anh Pham,2026-04-30,16:45:11,-07:00,2026-04-30T16:45:11-07:00,0,0
projects/projects.js,68,js,2879683a,Anh Pham,2026-04-30,16:45:11,-07:00,2026-04-30T16:45:11-07:00,1,25
projects/projects.js,69,js,2879683a,Anh Pham,2026-04-30,16:45:11,-07:00,2026-04-30T16:45:11-07:00,2,18
projects/projects.js,70,js,2879683a,Anh Pham,2026-04-30,16:45:11,-07:00,2026-04-30T16:45:11-07:00,1,0
projects/projects.js,71,js,2879683a,Anh Pham,2026-04-30,16:45:11,-07:00,2026-04-30T16:45:11-07:00,0,0
projects/projects.js,72,js,2879683a,Anh Pham,2026-04-30,16:45:11,-07:00,2026-04-30T16:45:11-07:00,1,29
projects/projects.js,73,js,2879683a,Anh Pham,2026-04-30,16:45:11,-07:00,2026-04-30T16:45:11-07:00,1,30
projects/projects.js,74,js,2879683a,Anh Pham,2026-04-30,16:45:11,-07:00,2026-04-30T16:45:11-07:00,0,0
projects/projects.js,75,js,2879683a,Anh Pham,2026-04-30,16:45:11,-07:00,2026-04-30T16:45:11-07:00,1,29
projects/projects.js,76,js,2879683a,Anh Pham,2026-04-30,16:45:11,-07:00,2026-04-30T16:45:11-07:00,2,26
projects/projects.js,77,js,2879683a,Anh Pham,2026-04-30,16:45:11,-07:00,2026-04-30T16:45:11-07:00,3,18
projects/projects.js,78,js,2879683a,Anh Pham,2026-04-30,16:45:11,-07:00,2026-04-30T16:45:11-07:00,2,6
projects/projects.js,79,js,2879683a,Anh Pham,2026-04-30,16:45:11,-07:00,2026-04-30T16:45:11-07:00,3,29
projects/projects.js,80,js,2879683a,Anh Pham,2026-04-30,16:45:11,-07:00,2026-04-30T16:45:11-07:00,2,0
projects/projects.js,81,js,2879683a,Anh Pham,2026-04-30,16:45:11,-07:00,2026-04-30T16:45:11-07:00,0,0
projects/projects.js,82,js,2879683a,Anh Pham,2026-04-30,16:45:11,-07:00,2026-04-30T16:45:11-07:00,2,11
projects/projects.js,83,js,2879683a,Anh Pham,2026-04-30,16:45:11,-07:00,2026-04-30T16:45:11-07:00,1,0
projects/projects.js,84,js,2879683a,Anh Pham,2026-04-30,16:45:11,-07:00,2026-04-30T16:45:11-07:00,0,0
projects/projects.js,85,js,2879683a,Anh Pham,2026-04-30,16:45:11,-07:00,2026-04-30T16:45:11-07:00,1,26
projects/projects.js,86,js,2879683a,Anh Pham,2026-04-30,16:45:11,-07:00,2026-04-30T16:45:11-07:00,2,1
projects/projects.js,87,js,2879683a,Anh Pham,2026-04-30,16:45:11,-07:00,2026-04-30T16:45:11-07:00,3,13
projects/projects.js,88,js,2879683a,Anh Pham,2026-04-30,16:45:11,-07:00,2026-04-30T16:45:11-07:00,3,13
projects/projects.js,89,js,2879683a,Anh Pham,2026-04-30,16:45:11,-07:00,2026-04-30T16:45:11-07:00,3,24
projects/projects.js,90,js,2879683a,Anh Pham,2026-04-30,16:45:11,-07:00,2026-04-30T16:45:11-07:00,3,53
projects/projects.js,91,js,2879683a,Anh Pham,2026-04-30,16:45:11,-07:00,2026-04-30T16:45:11-07:00,3,18
projects/projects.js,92,js,2879683a,Anh Pham,2026-04-30,16:45:11,-07:00,2026-04-30T16:45:11-07:00,4,19
projects/projects.js,93,js,2879683a,Anh Pham,2026-04-30,16:45:11,-07:00,2026-04-30T16:45:11-07:00,3,1
projects/projects.js,94,js,2879683a,Anh Pham,2026-04-30,16:45:11,-07:00,2026-04-30T16:45:11-07:00,1,1
projects/projects.js,95,js,2879683a,Anh Pham,2026-04-30,16:45:11,-07:00,2026-04-30T16:45:11-07:00,0,0
projects/projects.js,96,js,2879683a,Anh Pham,2026-04-30,16:45:11,-07:00,2026-04-30T16:45:11-07:00,1,24
projects/projects.js,97,js,2879683a,Anh Pham,2026-04-30,16:45:11,-07:00,2026-04-30T16:45:11-07:00,2,4
projects/projects.js,98,js,2879683a,Anh Pham,2026-04-30,16:45:11,-07:00,2026-04-30T16:45:11-07:00,3,11
projects/projects.js,99,js,2879683a,Anh Pham,2026-04-30,16:45:11,-07:00,2026-04-30T16:45:11-07:00,3,38
projects/projects.js,100,js,2879683a,Anh Pham,2026-04-30,16:45:11,-07:00,2026-04-30T16:45:11-07:00,3,76
projects/projects.js,101,js,2879683a,Anh Pham,2026-04-30,16:45:11,-07:00,2026-04-30T16:45:11-07:00,3,68
projects/projects.js,102,js,2879683a,Anh Pham,2026-04-30,16:45:11,-07:00,2026-04-30T16:45:11-07:00,3,18
projects/projects.js,103,js,2879683a,Anh Pham,2026-04-30,16:45:11,-07:00,2026-04-30T16:45:11-07:00,4,19
projects/projects.js,104,js,2879683a,Anh Pham,2026-04-30,16:45:11,-07:00,2026-04-30T16:45:11-07:00,3,1
projects/projects.js,105,js,2879683a,Anh Pham,2026-04-30,16:45:11,-07:00,2026-04-30T16:45:11-07:00,1,1
projects/projects.js,106,js,2879683a,Anh Pham,2026-04-30,16:45:11,-07:00,2026-04-30T16:45:11-07:00,0,0
projects/index.html,1,html,fd0e4fe4,Anh Pham,2026-04-04,22:47:36,-07:00,2026-04-04T22:47:36-07:00,0,13
projects/index.html,2,html,fd0e4fe4,Anh Pham,2026-04-04,22:47:36,-07:00,2026-04-04T22:47:36-07:00,0,14
projects/index.html,3,html,fd0e4fe4,Anh Pham,2026-04-04,22:47:36,-07:00,2026-04-04T22:47:36-07:00,0,4
projects/index.html,4,html,fd0e4fe4,Anh Pham,2026-04-04,22:47:36,-07:00,2026-04-04T22:47:36-07:00,2,20
projects/index.html,5,html,fd0e4fe4,Anh Pham,2026-04-04,22:47:36,-07:00,2026-04-04T22:47:36-07:00,2,68
projects/index.html,6,html,fd0e4fe4,Anh Pham,2026-04-04,22:47:36,-07:00,2026-04-04T22:47:36-07:00,2,24
projects/index.html,7,html,75f30b6e,Anh Pham,2026-04-10,18:06:48,-07:00,2026-04-10T18:06:48-07:00,2,41
projects/index.html,8,html,ca167291,Anh Pham,2026-04-17,00:01:22,-07:00,2026-04-17T00:01:22-07:00,2,48
projects/index.html,9,html,4e67f387,Anh Pham,2026-04-24,22:55:41,-07:00,2026-04-24T22:55:41-07:00,2,47
projects/index.html,10,html,75f30b6e,Anh Pham,2026-04-10,18:06:48,-07:00,2026-04-10T18:06:48-07:00,0,5
projects/index.html,11,html,75f30b6e,Anh Pham,2026-04-10,18:06:48,-07:00,2026-04-10T18:06:48-07:00,0,4
projects/index.html,12,html,4e67f387,Anh Pham,2026-04-24,22:55:41,-07:00,2026-04-24T22:55:41-07:00,2,38
projects/index.html,13,html,2879683a,Anh Pham,2026-04-30,16:45:11,-07:00,2026-04-30T16:45:11-07:00,2,27
projects/index.html,14,html,2879683a,Anh Pham,2026-04-30,16:45:11,-07:00,2026-04-30T16:45:11-07:00,4,58
projects/index.html,15,html,2879683a,Anh Pham,2026-04-30,16:45:11,-07:00,2026-04-30T16:45:11-07:00,4,22
projects/index.html,16,html,2879683a,Anh Pham,2026-04-30,16:45:11,-07:00,2026-04-30T16:45:11-07:00,2,4
projects/index.html,17,html,2879683a,Anh Pham,2026-04-30,16:45:11,-07:00,2026-04-30T16:45:11-07:00,2,4
projects/index.html,18,html,2879683a,Anh Pham,2026-04-30,16:45:11,-07:00,2026-04-30T16:45:11-07:00,4,15
projects/index.html,19,html,2879683a,Anh Pham,2026-04-30,16:45:11,-07:00,2026-04-30T16:45:11-07:00,4,11
projects/index.html,20,html,2879683a,Anh Pham,2026-04-30,16:45:11,-07:00,2026-04-30T16:45:11-07:00,4,26
projects/index.html,21,html,2879683a,Anh Pham,2026-04-30,16:45:11,-07:00,2026-04-30T16:45:11-07:00,4,31
projects/index.html,22,html,2879683a,Anh Pham,2026-04-30,16:45:11,-07:00,2026-04-30T16:45:11-07:00,2,0
projects/index.html,23,html,4e67f387,Anh Pham,2026-04-24,22:55:41,-07:00,2026-04-24T22:55:41-07:00,2,26
projects/index.html,24,html,fd0e4fe4,Anh Pham,2026-04-04,22:47:36,-07:00,2026-04-04T22:47:36-07:00,0,5
projects/index.html,25,html,ca167291,Anh Pham,2026-04-17,00:01:22,-07:00,2026-04-17T00:01:22-07:00,0,5
contact/index.html,1,html,fd0e4fe4,Anh Pham,2026-04-04,22:47:36,-07:00,2026-04-04T22:47:36-07:00,0,13
contact/index.html,2,html,fd0e4fe4,Anh Pham,2026-04-04,22:47:36,-07:00,2026-04-04T22:47:36-07:00,0,14
contact/index.html,3,html,fd0e4fe4,Anh Pham,2026-04-04,22:47:36,-07:00,2026-04-04T22:47:36-07:00,0,4
contact/index.html,4,html,fd0e4fe4,Anh Pham,2026-04-04,22:47:36,-07:00,2026-04-04T22:47:36-07:00,2,20
contact/index.html,5,html,fd0e4fe4,Anh Pham,2026-04-04,22:47:36,-07:00,2026-04-04T22:47:36-07:00,2,68
contact/index.html,6,html,75f30b6e,Anh Pham,2026-04-10,18:06:48,-07:00,2026-04-10T18:06:48-07:00,2,41
contact/index.html,7,html,ca167291,Anh Pham,2026-04-17,00:01:22,-07:00,2026-04-17T00:01:22-07:00,2,48
contact/index.html,8,html,fd0e4fe4,Anh Pham,2026-04-04,22:47:36,-07:00,2026-04-04T22:47:36-07:00,2,25
contact/index.html,9,html,fd0e4fe4,Anh Pham,2026-04-04,22:47:36,-07:00,2026-04-04T22:47:36-07:00,0,5
contact/index.html,10,html,fd0e4fe4,Anh Pham,2026-04-04,22:47:36,-07:00,2026-04-04T22:47:36-07:00,0,4
contact/index.html,11,html,75f30b6e,Anh Pham,2026-04-10,18:06:48,-07:00,2026-04-10T18:06:48-07:00,1,14
contact/index.html,12,html,fd0e4fe4,Anh Pham,2026-04-04,22:47:36,-07:00,2026-04-04T22:47:36-07:00,0,0
contact/index.html,13,html,81388be1,Anh Pham,2026-04-17,01:21:55,-07:00,2026-04-17T01:21:55-07:00,1,49
contact/index.html,14,html,81388be1,Anh Pham,2026-04-17,01:21:55,-07:00,2026-04-17T01:21:55-07:00,2,0
contact/index.html,15,html,75f30b6e,Anh Pham,2026-04-10,18:06:48,-07:00,2026-04-10T18:06:48-07:00,2,13
contact/index.html,16,html,75f30b6e,Anh Pham,2026-04-10,18:06:48,-07:00,2026-04-10T18:06:48-07:00,3,32
contact/index.html,17,html,75f30b6e,Anh Pham,2026-04-10,18:06:48,-07:00,2026-04-10T18:06:48-07:00,2,6
contact/index.html,18,html,fd0e4fe4,Anh Pham,2026-04-04,22:47:36,-07:00,2026-04-04T22:47:36-07:00,0,0
contact/index.html,19,html,75f30b6e,Anh Pham,2026-04-10,18:06:48,-07:00,2026-04-10T18:06:48-07:00,2,13
contact/index.html,20,html,75f30b6e,Anh Pham,2026-04-10,18:06:48,-07:00,2026-04-10T18:06:48-07:00,3,31
contact/index.html,21,html,75f30b6e,Anh Pham,2026-04-10,18:06:48,-07:00,2026-04-10T18:06:48-07:00,2,6
contact/index.html,22,html,fd0e4fe4,Anh Pham,2026-04-04,22:47:36,-07:00,2026-04-04T22:47:36-07:00,0,0
contact/index.html,23,html,75f30b6e,Anh Pham,2026-04-10,18:06:48,-07:00,2026-04-10T18:06:48-07:00,2,19
contact/index.html,24,html,75f30b6e,Anh Pham,2026-04-10,18:06:48,-07:00,2026-04-10T18:06:48-07:00,1,5
contact/index.html,25,html,fd0e4fe4,Anh Pham,2026-04-04,22:47:36,-07:00,2026-04-04T22:47:36-07:00,0,5
contact/index.html,26,html,ca167291,Anh Pham,2026-04-17,00:01:22,-07:00,2026-04-17T00:01:22-07:00,0,5
